path,import
ui/__init__.py,ui.customer_page.customer_display
ui/__init__.py,ui.inventory_page.stock_in_dialog
ui/__init__.py,ui.loading_dialog
ui/__init__.py,ui.products_page.product_form_dialog
ui/__init__.py,ui.receipt_detail_dialog
ui/__init__.py,ui.receipt_dialog
ui/activity_log_page.py,PyQt6.QtCore
ui/activity_log_page.py,PyQt6.QtWidgets
ui/activity_log_page.py,models.database
ui/activity_log_page.py,ui.widgets.pagination_widget
ui/activity_log_page.py,utils.language
ui/ai_pages/__init__.py,ui.ai_pages.ai_analytics
ui/ai_pages/__init__.py,ui.ai_pages.ai_cache
ui/ai_pages/__init__.py,ui.ai_pages.ai_chat_room
ui/ai_pages/__init__.py,ui.ai_pages.ai_chat_widgets
ui/ai_pages/__init__.py,ui.ai_pages.ai_chat_worker
ui/ai_pages/__init__.py,ui.ai_pages.ai_dashboard
ui/ai_pages/__init__.py,ui.ai_pages.ai_dashboard.dashboard_data
ui/ai_pages/__init__.py,ui.ai_pages.ai_enhanced_worker
ui/ai_pages/__init__.py,ui.ai_pages.ai_error_handler
ui/ai_pages/__init__.py,ui.ai_pages.ai_nlp_processor
ui/ai_pages/__init__.py,ui.ai_pages.ai_pages_page
ui/ai_pages/__init__.py,ui.ai_pages.ai_product_search
ui/ai_pages/__init__.py,ui.ai_pages.ai_query_handlers
ui/ai_pages/__init__.py,ui.ai_pages.ai_response_templates
ui/ai_pages/__init__.py,ui.ai_pages.ai_settings_assistant
ui/ai_pages/__init__.py,ui.ai_pages.ai_troubleshooter
ui/ai_pages/ai_analytics.py,collections
ui/ai_pages/ai_analytics.py,datetime
ui/ai_pages/ai_analytics.py,loguru
ui/ai_pages/ai_analytics.py,typing
ui/ai_pages/ai_bilingual_terms.py,re
ui/ai_pages/ai_burmese_normalizer.py,difflib
ui/ai_pages/ai_burmese_normalizer.py,re
ui/ai_pages/ai_burmese_normalizer.py,unicodedata
ui/ai_pages/ai_cache.py,collections
ui/ai_pages/ai_cache.py,datetime
ui/ai_pages/ai_cache.py,loguru
ui/ai_pages/ai_chat_room.py,PyQt6.QtCore
ui/ai_pages/ai_chat_room.py,PyQt6.QtGui
ui/ai_pages/ai_chat_room.py,PyQt6.QtWidgets
ui/ai_pages/ai_chat_room.py,datetime
ui/ai_pages/ai_chat_room.py,loguru
ui/ai_pages/ai_chat_room.py,os
ui/ai_pages/ai_chat_room.py,re
ui/ai_pages/ai_chat_room.py,ui.ai_pages.ai_analytics
ui/ai_pages/ai_chat_room.py,ui.ai_pages.ai_burmese_normalizer
ui/ai_pages/ai_chat_room.py,ui.ai_pages.ai_cache
ui/ai_pages/ai_chat_room.py,ui.ai_pages.ai_chat_widgets
ui/ai_pages/ai_chat_room.py,ui.ai_pages.ai_conversation_context
ui/ai_pages/ai_chat_room.py,ui.ai_pages.ai_customer_insights
ui/ai_pages/ai_chat_room.py,ui.ai_pages.ai_dashboard
ui/ai_pages/ai_chat_room.py,ui.ai_pages.ai_enhanced_worker
ui/ai_pages/ai_chat_room.py,ui.ai_pages.ai_inventory_recommendation
ui/ai_pages/ai_chat_room.py,ui.ai_pages.ai_navigation
ui/ai_pages/ai_chat_room.py,ui.ai_pages.ai_report_generator
ui/ai_pages/ai_chat_room.py,ui.ai_pages.ai_result_exporter
ui/ai_pages/ai_chat_room.py,ui.themes.theme_manager
ui/ai_pages/ai_chat_room.py,ui.widgets.modern_button
ui/ai_pages/ai_chat_room.py,utils.permissions
ui/ai_pages/ai_chat_visuals.py,PyQt6.QtCore
ui/ai_pages/ai_chat_visuals.py,PyQt6.QtGui
ui/ai_pages/ai_chat_visuals.py,PyQt6.QtWidgets
ui/ai_pages/ai_chat_visuals.py,ui.themes.theme_manager
ui/ai_pages/ai_chat_widgets.py,PyQt6.QtCore
ui/ai_pages/ai_chat_widgets.py,PyQt6.QtGui
ui/ai_pages/ai_chat_widgets.py,PyQt6.QtWidgets
ui/ai_pages/ai_chat_widgets.py,os
ui/ai_pages/ai_chat_widgets.py,ui.ai_pages.ai_chat_visuals
ui/ai_pages/ai_chat_widgets.py,ui.themes.theme_manager
ui/ai_pages/ai_chat_widgets.py,ui.widgets.modern_button
ui/ai_pages/ai_chat_worker.py,PyQt6.QtCore
ui/ai_pages/ai_chat_worker.py,loguru
ui/ai_pages/ai_chat_worker.py,re
ui/ai_pages/ai_chat_worker.py,ui.ai_pages.ai_cache
ui/ai_pages/ai_chat_worker.py,ui.ai_pages.ai_query_handlers
ui/ai_pages/ai_conversation_context.py,re
ui/ai_pages/ai_conversation_context.py,services
ui/ai_pages/ai_conversation_context.py,ui.ai_pages.ai_employee_queries
ui/ai_pages/ai_customer_insights.py,datetime
ui/ai_pages/ai_customer_insights.py,loguru
ui/ai_pages/ai_customer_insights.py,models.database.connection
ui/ai_pages/ai_customer_insights.py,typing
ui/ai_pages/ai_dashboard/__init__.py,ui.ai_pages.ai_dashboard.dashboard_data
ui/ai_pages/ai_dashboard/__init__.py,ui.ai_pages.ai_dashboard.dashboard_widget
ui/ai_pages/ai_dashboard/dashboard_cards.py,PyQt6.QtWidgets
ui/ai_pages/ai_dashboard/dashboard_cards.py,ui.widgets.summary_card_widget
ui/ai_pages/ai_dashboard/dashboard_charts.py,PyQt6.QtCore
ui/ai_pages/ai_dashboard/dashboard_charts.py,PyQt6.QtGui
ui/ai_pages/ai_dashboard/dashboard_charts.py,PyQt6.QtWidgets
ui/ai_pages/ai_dashboard/dashboard_charts.py,ui.themes.theme_manager
ui/ai_pages/ai_dashboard/dashboard_charts.py,utils.currency
ui/ai_pages/ai_dashboard/dashboard_data.py,datetime
ui/ai_pages/ai_dashboard/dashboard_data.py,loguru
ui/ai_pages/ai_dashboard/dashboard_data.py,models.database.connection
ui/ai_pages/ai_dashboard/dashboard_data.py,typing
ui/ai_pages/ai_dashboard/dashboard_icons.py,PyQt6.QtCore
ui/ai_pages/ai_dashboard/dashboard_icons.py,PyQt6.QtGui
ui/ai_pages/ai_dashboard/dashboard_icons.py,PyQt6.QtSvg
ui/ai_pages/ai_dashboard/dashboard_icons.py,PyQt6.QtWidgets
ui/ai_pages/ai_dashboard/dashboard_icons.py,loguru
ui/ai_pages/ai_dashboard/dashboard_icons.py,os
ui/ai_pages/ai_dashboard/dashboard_icons.py,ui.themes.theme_manager
ui/ai_pages/ai_dashboard/dashboard_utils.py,datetime
ui/ai_pages/ai_dashboard/dashboard_utils.py,typing
ui/ai_pages/ai_dashboard/dashboard_utils.py,ui.themes.theme_manager
ui/ai_pages/ai_dashboard/dashboard_widget.py,PyQt6.QtCore
ui/ai_pages/ai_dashboard/dashboard_widget.py,PyQt6.QtGui
ui/ai_pages/ai_dashboard/dashboard_widget.py,PyQt6.QtWidgets
ui/ai_pages/ai_dashboard/dashboard_widget.py,datetime
ui/ai_pages/ai_dashboard/dashboard_widget.py,loguru
ui/ai_pages/ai_dashboard/dashboard_widget.py,ui.ai_pages.ai_dashboard.dashboard_cards
ui/ai_pages/ai_dashboard/dashboard_widget.py,ui.ai_pages.ai_dashboard.dashboard_charts
ui/ai_pages/ai_dashboard/dashboard_widget.py,ui.ai_pages.ai_dashboard.dashboard_data
ui/ai_pages/ai_dashboard/dashboard_widget.py,ui.ai_pages.ai_dashboard.dashboard_icons
ui/ai_pages/ai_dashboard/dashboard_widget.py,ui.themes.theme_manager
ui/ai_pages/ai_dashboard/dashboard_widget.py,ui.widgets.date_range_widget
ui/ai_pages/ai_dashboard/dashboard_widget.py,ui.widgets.modern_button
ui/ai_pages/ai_dashboard/dashboard_widget.py,utils.currency
ui/ai_pages/ai_dashboard/svg_utils.py,PyQt6.QtCore
ui/ai_pages/ai_dashboard/svg_utils.py,PyQt6.QtSvg
ui/ai_pages/ai_dashboard/svg_utils.py,os
ui/ai_pages/ai_dashboard_digest.py,datetime
ui/ai_pages/ai_dashboard_digest.py,json
ui/ai_pages/ai_dashboard_digest.py,models.database
ui/ai_pages/ai_dashboard_digest.py,ui.ai_pages.ai_dashboard_queries
ui/ai_pages/ai_dashboard_digest.py,utils.db_compat
ui/ai_pages/ai_dashboard_digest.py,utils.permissions
ui/ai_pages/ai_dashboard_governance.py,datetime
ui/ai_pages/ai_dashboard_governance.py,models.database
ui/ai_pages/ai_dashboard_governance.py,utils.db_compat
ui/ai_pages/ai_dashboard_governance.py,utils.permissions
ui/ai_pages/ai_dashboard_queries.py,calendar
ui/ai_pages/ai_dashboard_queries.py,datetime
ui/ai_pages/ai_dashboard_queries.py,models.database
ui/ai_pages/ai_dashboard_queries.py,re
ui/ai_pages/ai_dashboard_queries.py,ui.ai_pages.ai_employee_queries
ui/ai_pages/ai_dashboard_queries.py,utils.db_compat
ui/ai_pages/ai_dashboard_queries.py,utils.permissions
ui/ai_pages/ai_employee_queries.py,calendar
ui/ai_pages/ai_employee_queries.py,datetime
ui/ai_pages/ai_employee_queries.py,difflib
ui/ai_pages/ai_employee_queries.py,re
ui/ai_pages/ai_employee_queries.py,services
ui/ai_pages/ai_employee_queries.py,ui.ai_pages.ai_query_handlers
ui/ai_pages/ai_employee_queries.py,unicodedata
ui/ai_pages/ai_employee_queries.py,utils.permissions
ui/ai_pages/ai_enhanced_worker.py,PyQt6.QtCore
ui/ai_pages/ai_enhanced_worker.py,datetime
ui/ai_pages/ai_enhanced_worker.py,loguru
ui/ai_pages/ai_enhanced_worker.py,re
ui/ai_pages/ai_enhanced_worker.py,ui.ai_pages.ai_analytics
ui/ai_pages/ai_enhanced_worker.py,ui.ai_pages.ai_bilingual_terms
ui/ai_pages/ai_enhanced_worker.py,ui.ai_pages.ai_burmese_normalizer
ui/ai_pages/ai_enhanced_worker.py,ui.ai_pages.ai_cache
ui/ai_pages/ai_enhanced_worker.py,ui.ai_pages.ai_dashboard_digest
ui/ai_pages/ai_enhanced_worker.py,ui.ai_pages.ai_dashboard_governance
ui/ai_pages/ai_enhanced_worker.py,ui.ai_pages.ai_dashboard_queries
ui/ai_pages/ai_enhanced_worker.py,ui.ai_pages.ai_employee_queries
ui/ai_pages/ai_enhanced_worker.py,ui.ai_pages.ai_error_diagnostics
ui/ai_pages/ai_enhanced_worker.py,ui.ai_pages.ai_natural_language
ui/ai_pages/ai_enhanced_worker.py,ui.ai_pages.ai_nlp_processor
ui/ai_pages/ai_enhanced_worker.py,ui.ai_pages.ai_product_search
ui/ai_pages/ai_enhanced_worker.py,ui.ai_pages.ai_query_handlers
ui/ai_pages/ai_enhanced_worker.py,ui.ai_pages.ai_response_templates
ui/ai_pages/ai_enhanced_worker.py,ui.ai_pages.ai_sales_summary_governance
ui/ai_pages/ai_enhanced_worker.py,ui.ai_pages.ai_sales_summary_queries
ui/ai_pages/ai_enhanced_worker.py,ui.ai_pages.ai_settings_assistant
ui/ai_pages/ai_enhanced_worker.py,ui.ai_pages.ai_troubleshooter
ui/ai_pages/ai_enhanced_worker.py,ui.ai_pages.ai_usage_guide
ui/ai_pages/ai_error_diagnostics.py,re
ui/ai_pages/ai_error_handler.py,re
ui/ai_pages/ai_error_handler.py,typing
ui/ai_pages/ai_inventory_recommendation.py,datetime
ui/ai_pages/ai_inventory_recommendation.py,loguru
ui/ai_pages/ai_inventory_recommendation.py,models.database.connection
ui/ai_pages/ai_inventory_recommendation.py,typing
ui/ai_pages/ai_natural_language.py,collections
ui/ai_pages/ai_natural_language.py,datetime
ui/ai_pages/ai_natural_language.py,models.database
ui/ai_pages/ai_natural_language.py,re
ui/ai_pages/ai_natural_language.py,services
ui/ai_pages/ai_natural_language.py,ui.ai_pages.ai_employee_queries
ui/ai_pages/ai_natural_language.py,utils.db_compat
ui/ai_pages/ai_natural_language.py,utils.permissions
ui/ai_pages/ai_navigation.py,re
ui/ai_pages/ai_nlp_processor.py,re
ui/ai_pages/ai_nlp_processor.py,typing
ui/ai_pages/ai_pages_page.py,PyQt6.QtCore
ui/ai_pages/ai_pages_page.py,PyQt6.QtGui
ui/ai_pages/ai_pages_page.py,PyQt6.QtWidgets
ui/ai_pages/ai_pages_page.py,datetime
ui/ai_pages/ai_pages_page.py,loguru
ui/ai_pages/ai_pages_page.py,os
ui/ai_pages/ai_pages_page.py,ui.ai_pages.ai_chat_room
ui/ai_pages/ai_pages_page.py,ui.ai_pages.ai_customer_insights
ui/ai_pages/ai_pages_page.py,ui.ai_pages.ai_dashboard
ui/ai_pages/ai_pages_page.py,ui.ai_pages.ai_inventory_recommendation
ui/ai_pages/ai_pages_page.py,ui.ai_pages.ai_report_generator
ui/ai_pages/ai_pages_page.py,ui.themes.theme_manager
ui/ai_pages/ai_pages_page.py,ui.widgets.modern_button
ui/ai_pages/ai_pages_page.py,utils.translations
ui/ai_pages/ai_product_search.py,difflib
ui/ai_pages/ai_product_search.py,loguru
ui/ai_pages/ai_product_search.py,models.database
ui/ai_pages/ai_product_search.py,re
ui/ai_pages/ai_product_search.py,typing
ui/ai_pages/ai_query_handlers.py,datetime
ui/ai_pages/ai_query_handlers.py,loguru
ui/ai_pages/ai_query_handlers.py,models.database
ui/ai_pages/ai_query_handlers.py,re
ui/ai_pages/ai_report_generator.py,csv
ui/ai_pages/ai_report_generator.py,datetime
ui/ai_pages/ai_report_generator.py,json
ui/ai_pages/ai_report_generator.py,loguru
ui/ai_pages/ai_report_generator.py,models.database.connection
ui/ai_pages/ai_report_generator.py,traceback
ui/ai_pages/ai_report_generator.py,typing
ui/ai_pages/ai_response_templates.py,datetime
ui/ai_pages/ai_response_templates.py,typing
ui/ai_pages/ai_result_exporter.py,PyQt6.QtGui
ui/ai_pages/ai_result_exporter.py,PyQt6.QtPrintSupport
ui/ai_pages/ai_result_exporter.py,csv
ui/ai_pages/ai_result_exporter.py,html
ui/ai_pages/ai_result_exporter.py,openpyxl
ui/ai_pages/ai_result_exporter.py,openpyxl.styles
ui/ai_pages/ai_result_exporter.py,pathlib
ui/ai_pages/ai_sales_summary_governance.py,datetime
ui/ai_pages/ai_sales_summary_governance.py,hashlib
ui/ai_pages/ai_sales_summary_governance.py,json
ui/ai_pages/ai_sales_summary_governance.py,models.database
ui/ai_pages/ai_sales_summary_governance.py,ui.ai_pages.ai_dashboard_queries
ui/ai_pages/ai_sales_summary_governance.py,ui.ai_pages.ai_sales_summary_queries
ui/ai_pages/ai_sales_summary_governance.py,utils.db_compat
ui/ai_pages/ai_sales_summary_governance.py,utils.permissions
ui/ai_pages/ai_sales_summary_queries.py,datetime
ui/ai_pages/ai_sales_summary_queries.py,models.database
ui/ai_pages/ai_sales_summary_queries.py,re
ui/ai_pages/ai_sales_summary_queries.py,ui.ai_pages.ai_dashboard_queries
ui/ai_pages/ai_sales_summary_queries.py,ui.ai_pages.ai_employee_queries
ui/ai_pages/ai_sales_summary_queries.py,utils.db_compat
ui/ai_pages/ai_sales_summary_queries.py,utils.permissions
ui/ai_pages/ai_settings_assistant.py,loguru
ui/ai_pages/ai_settings_assistant.py,re
ui/ai_pages/ai_settings_assistant.py,typing
ui/ai_pages/ai_troubleshooter.py,loguru
ui/ai_pages/ai_troubleshooter.py,os
ui/ai_pages/ai_troubleshooter.py,platform
ui/ai_pages/ai_troubleshooter.py,subprocess
ui/ai_pages/ai_troubleshooter.py,typing
ui/ai_pages/ai_voice.py,loguru
ui/ai_pages/ai_voice.py,os
ui/ai_pages/ai_voice.py,speech_recognition
ui/ai_pages/ai_voice.py,threading
ui/ai_pages/ai_voice.py,typing
ui/auto_backup_dialog.py,PyQt6.QtCore
ui/auto_backup_dialog.py,PyQt6.QtGui
ui/auto_backup_dialog.py,PyQt6.QtWidgets
ui/auto_backup_dialog.py,datetime
ui/auto_backup_dialog.py,models.database
ui/auto_backup_dialog.py,os
ui/auto_backup_dialog.py,subprocess
ui/auto_backup_dialog.py,sys
ui/auto_backup_dialog.py,utils.auto_backup
ui/backup_reset_setting.py,PyQt6.QtCore
ui/backup_reset_setting.py,PyQt6.QtGui
ui/backup_reset_setting.py,PyQt6.QtWidgets
ui/backup_reset_setting.py,datetime
ui/backup_reset_setting.py,gc
ui/backup_reset_setting.py,hashlib
ui/backup_reset_setting.py,loguru
ui/backup_reset_setting.py,models.database
ui/backup_reset_setting.py,models.database.recovery
ui/backup_reset_setting.py,os
ui/backup_reset_setting.py,shutil
ui/backup_reset_setting.py,sqlite3
ui/backup_reset_setting.py,subprocess
ui/backup_reset_setting.py,sys
ui/backup_reset_setting.py,tempfile
ui/backup_reset_setting.py,time
ui/backup_reset_setting.py,utils.db_compat
ui/backup_reset_setting.py,utils.language
ui/backup_reset_setting.py,utils.paths
ui/backup_reset_setting.py,utils.permissions
ui/backup_reset_setting.py,utils.product_image_store
ui/backup_reset_setting.py,zipfile
ui/barcode_history_widget.py,PyQt6.QtCore
ui/barcode_history_widget.py,PyQt6.QtWidgets
ui/barcode_history_widget.py,json
ui/barcode_history_widget.py,os
ui/base_form_dialog.py,PyQt6.QtCore
ui/base_form_dialog.py,PyQt6.QtGui
ui/base_form_dialog.py,PyQt6.QtWidgets
ui/base_form_dialog.py,os
ui/base_form_dialog.py,ui.themes.theme_manager
ui/cashier_window/__init__.py,ui.cashier_window.cart_widget
ui/cashier_window/__init__.py,ui.cashier_window.cashier_ui
ui/cashier_window/__init__.py,ui.cashier_window.main_cashier_window
ui/cashier_window/cart_widget.py,PyQt6.QtCore
ui/cashier_window/cart_widget.py,PyQt6.QtGui
ui/cashier_window/cart_widget.py,PyQt6.QtWidgets
ui/cashier_window/cart_widget.py,json
ui/cashier_window/cart_widget.py,loguru
ui/cashier_window/cart_widget.py,models.database
ui/cashier_window/cart_widget.py,os
ui/cashier_window/cart_widget.py,typing
ui/cashier_window/cart_widget.py,ui.sales_page.product_utils
ui/cashier_window/cart_widget.py,ui.themes.theme_manager
ui/cashier_window/cart_widget.py,ui.widgets.modern_button
ui/cashier_window/cart_widget.py,ui.widgets.numeric_keypad_dialog
ui/cashier_window/cart_widget.py,utils.currency
ui/cashier_window/cart_widget.py,utils.language
ui/cashier_window/cart_widget.py,utils.wholesale_pricing
ui/cashier_window/cashier_ui.py,PyQt6.QtCore
ui/cashier_window/cashier_ui.py,PyQt6.QtGui
ui/cashier_window/cashier_ui.py,PyQt6.QtSvgWidgets
ui/cashier_window/cashier_ui.py,PyQt6.QtWidgets
ui/cashier_window/cashier_ui.py,datetime
ui/cashier_window/cashier_ui.py,loguru
ui/cashier_window/cashier_ui.py,models.database
ui/cashier_window/cashier_ui.py,typing
ui/cashier_window/cashier_ui.py,ui
ui/cashier_window/cashier_ui.py,ui.backup_reset_setting
ui/cashier_window/cashier_ui.py,ui.expense_dialog
ui/cashier_window/cashier_ui.py,ui.receipts_page.receipts_page
ui/cashier_window/cashier_ui.py,ui.responsive_utils
ui/cashier_window/cashier_ui.py,ui.sales_page.cart_widget
ui/cashier_window/cashier_ui.py,ui.sales_page.checkout_handler
ui/cashier_window/cashier_ui.py,ui.sales_page.checkout_handler.checkout_utils
ui/cashier_window/cashier_ui.py,ui.sales_page.options_widget
ui/cashier_window/cashier_ui.py,ui.sales_page.payment_widget
ui/cashier_window/cashier_ui.py,ui.sales_page.product_grid
ui/cashier_window/cashier_ui.py,ui.sales_page.totals_widget
ui/cashier_window/cashier_ui.py,ui.themes.theme_manager
ui/cashier_window/cashier_ui.py,ui.widgets.combo_box_widget
ui/cashier_window/cashier_ui.py,ui.widgets.modern_button
ui/cashier_window/cashier_ui.py,utils.branded_icons
ui/cashier_window/cashier_ui.py,utils.customer_utils
ui/cashier_window/cashier_ui.py,utils.language
ui/cashier_window/cashier_ui.py,utils.translations
ui/cashier_window/main_cashier_window.py,ui.cashier_window.cashier_ui
ui/categories/category_form_dialog.py,PyQt6.QtCore
ui/categories/category_form_dialog.py,PyQt6.QtGui
ui/categories/category_form_dialog.py,PyQt6.QtWidgets
ui/categories/category_form_dialog.py,datetime
ui/categories/category_form_dialog.py,loguru
ui/categories/category_form_dialog.py,os
ui/categories/category_form_dialog.py,shutil
ui/categories/category_form_dialog.py,ui.categories.category_service
ui/categories/category_form_dialog.py,ui.themes.theme_manager
ui/categories/category_form_dialog.py,ui.widgets.modern_button
ui/categories/category_form_dialog.py,utils.image_optimizer
ui/categories/category_form_dialog.py,utils.language
ui/categories/category_form_dialog.py,utils.slug_generator
ui/categories/category_form_dialog.py,utils.translations
ui/categories/category_list_actions.py,PyQt6.QtCore
ui/categories/category_list_actions.py,PyQt6.QtWidgets
ui/categories/category_list_actions.py,datetime
ui/categories/category_list_actions.py,loguru
ui/categories/category_list_actions.py,ui.categories.category_form_dialog
ui/categories/category_list_actions.py,ui.categories.category_merge_dialog
ui/categories/category_list_dialog.py,PyQt6.QtCore
ui/categories/category_list_dialog.py,PyQt6.QtGui
ui/categories/category_list_dialog.py,PyQt6.QtWidgets
ui/categories/category_list_dialog.py,datetime
ui/categories/category_list_dialog.py,loguru
ui/categories/category_list_dialog.py,models.database
ui/categories/category_list_dialog.py,typing
ui/categories/category_list_dialog.py,ui.categories.category_form_dialog
ui/categories/category_list_dialog.py,ui.categories.category_list_actions
ui/categories/category_list_dialog.py,ui.categories.category_list_table
ui/categories/category_list_dialog.py,ui.categories.category_list_ui
ui/categories/category_list_dialog.py,ui.categories.category_merge_dialog
ui/categories/category_list_dialog.py,ui.categories.category_service
ui/categories/category_list_dialog.py,ui.categories.category_summary_widget
ui/categories/category_list_dialog.py,ui.themes.theme_manager
ui/categories/category_list_dialog.py,ui.widgets.modern_button
ui/categories/category_list_dialog.py,ui.widgets.pagination_widget
ui/categories/category_list_dialog.py,utils.excel_exporter
ui/categories/category_list_dialog.py,utils.language
ui/categories/category_list_dialog.py,utils.translations
ui/categories/category_list_table.py,PyQt6.QtCore
ui/categories/category_list_table.py,PyQt6.QtGui
ui/categories/category_list_table.py,PyQt6.QtWidgets
ui/categories/category_list_table.py,loguru
ui/categories/category_list_table.py,typing
ui/categories/category_list_ui.py,PyQt6.QtCore
ui/categories/category_list_ui.py,PyQt6.QtGui
ui/categories/category_list_ui.py,PyQt6.QtWidgets
ui/categories/category_list_ui.py,ui.categories.category_summary_widget
ui/categories/category_list_ui.py,ui.themes.theme_manager
ui/categories/category_list_ui.py,ui.widgets.modern_button
ui/categories/category_list_ui.py,ui.widgets.pagination_widget
ui/categories/category_merge_dialog.py,PyQt6.QtCore
ui/categories/category_merge_dialog.py,PyQt6.QtGui
ui/categories/category_merge_dialog.py,PyQt6.QtWidgets
ui/categories/category_merge_dialog.py,loguru
ui/categories/category_merge_dialog.py,ui.categories.category_service
ui/categories/category_merge_dialog.py,ui.themes.theme_manager
ui/categories/category_merge_dialog.py,ui.widgets.modern_button
ui/categories/category_merge_dialog.py,utils.language
ui/categories/category_merge_dialog.py,utils.translations
ui/categories/category_service.py,csv
ui/categories/category_service.py,datetime
ui/categories/category_service.py,io
ui/categories/category_service.py,json
ui/categories/category_service.py,loguru
ui/categories/category_service.py,models.database
ui/categories/category_service.py,os
ui/categories/category_service.py,re
ui/categories/category_service.py,sqlite3
ui/categories/category_service.py,typing
ui/categories/category_service.py,utils.image_optimizer
ui/categories/category_service.py,utils.slug_generator
ui/categories/category_service.py,utils.translations
ui/categories/category_summary_widget.py,PyQt6.QtCore
ui/categories/category_summary_widget.py,PyQt6.QtWidgets
ui/categories/category_summary_widget.py,loguru
ui/categories/category_summary_widget.py,os
ui/categories/category_summary_widget.py,ui.categories.category_service
ui/categories/category_summary_widget.py,ui.widgets.summary_card_widget
ui/categories/category_summary_widget.py,utils.language
ui/change_password_dialog.py,PyQt6.QtWidgets
ui/change_password_dialog.py,hashlib
ui/change_password_dialog.py,models.database
ui/change_password_dialog.py,os
ui/change_password_dialog.py,ui.themes.theme_manager
ui/contact_dialog.py,ui.base_form_dialog
ui/customer_page/__init__.py,ui.customer_page.add_edit_customer_dialog
ui/customer_page/__init__.py,ui.customer_page.credit_payment_dialog
ui/customer_page/__init__.py,ui.customer_page.credit_sale_dialog
ui/customer_page/__init__.py,ui.customer_page.customer_display
ui/customer_page/__init__.py,ui.customer_page.customer_display_cart
ui/customer_page/__init__.py,ui.customer_page.customer_display_shop
ui/customer_page/__init__.py,ui.customer_page.customer_display_theme
ui/customer_page/__init__.py,ui.customer_page.customer_display_title_bar
ui/customer_page/__init__.py,ui.customer_page.customer_display_utils
ui/customer_page/__init__.py,ui.customer_page.customer_ledger_dialog
ui/customer_page/__init__.py,ui.customer_page.customers_page
ui/customer_page/__init__.py,ui.customer_page.outstanding_report_dialog
ui/customer_page/add_edit_customer_dialog.py,PyQt6.QtCore
ui/customer_page/add_edit_customer_dialog.py,PyQt6.QtGui
ui/customer_page/add_edit_customer_dialog.py,PyQt6.QtWidgets
ui/customer_page/add_edit_customer_dialog.py,os
ui/customer_page/add_edit_customer_dialog.py,ui.themes.theme_manager
ui/customer_page/add_edit_customer_dialog.py,ui.widgets.modern_button
ui/customer_page/add_edit_customer_dialog.py,utils.currency
ui/customer_page/add_edit_customer_dialog.py,utils.language
ui/customer_page/credit_payment_dialog.py,PyQt6.QtCore
ui/customer_page/credit_payment_dialog.py,PyQt6.QtGui
ui/customer_page/credit_payment_dialog.py,PyQt6.QtWidgets
ui/customer_page/credit_payment_dialog.py,datetime
ui/customer_page/credit_payment_dialog.py,loguru
ui/customer_page/credit_payment_dialog.py,models.database
ui/customer_page/credit_payment_dialog.py,os
ui/customer_page/credit_payment_dialog.py,services.credit_service
ui/customer_page/credit_payment_dialog.py,ui.themes.theme_manager
ui/customer_page/credit_payment_dialog.py,ui.widgets.modern_button
ui/customer_page/credit_payment_dialog.py,ui.widgets.summary_card_widget
ui/customer_page/credit_payment_dialog.py,utils.currency
ui/customer_page/credit_sale_dialog.py,PyQt6.QtCore
ui/customer_page/credit_sale_dialog.py,PyQt6.QtGui
ui/customer_page/credit_sale_dialog.py,PyQt6.QtWidgets
ui/customer_page/credit_sale_dialog.py,datetime
ui/customer_page/credit_sale_dialog.py,loguru
ui/customer_page/credit_sale_dialog.py,models.database
ui/customer_page/credit_sale_dialog.py,os
ui/customer_page/credit_sale_dialog.py,services.credit_service
ui/customer_page/credit_sale_dialog.py,ui.themes.theme_manager
ui/customer_page/credit_sale_dialog.py,ui.widgets.modern_button
ui/customer_page/credit_sale_dialog.py,ui.widgets.summary_card_widget
ui/customer_page/credit_sale_dialog.py,utils.currency
ui/customer_page/customer_display.py,.customer_display_cart
ui/customer_page/customer_display.py,.customer_display_theme
ui/customer_page/customer_display.py,.customer_display_utils
ui/customer_page/customer_display.py,PyQt6.QtCore
ui/customer_page/customer_display.py,PyQt6.QtGui
ui/customer_page/customer_display.py,PyQt6.QtWebEngineCore
ui/customer_page/customer_display.py,PyQt6.QtWebEngineWidgets
ui/customer_page/customer_display.py,PyQt6.QtWidgets
ui/customer_page/customer_display.py,html
ui/customer_page/customer_display.py,loguru
ui/customer_page/customer_display.py,models.database
ui/customer_page/customer_display.py,os
ui/customer_page/customer_display.py,re
ui/customer_page/customer_display.py,urllib.parse
ui/customer_page/customer_display.py,utils.paths
ui/customer_page/customer_display.py,utils.performance
ui/customer_page/customer_display.py,utils.receipt_images
ui/customer_page/customer_display_cart.py,.customer_display_theme
ui/customer_page/customer_display_cart.py,PyQt6.QtCore
ui/customer_page/customer_display_cart.py,PyQt6.QtGui
ui/customer_page/customer_display_cart.py,PyQt6.QtWidgets
ui/customer_page/customer_display_cart.py,functools
ui/customer_page/customer_display_cart.py,models.database
ui/customer_page/customer_display_cart.py,os
ui/customer_page/customer_display_cart.py,utils.currency
ui/customer_page/customer_display_cart.py,utils.paths
ui/customer_page/customer_display_cart.py,utils.translations
ui/customer_page/customer_display_shop.py,.customer_display_theme
ui/customer_page/customer_display_shop.py,PyQt6.QtCore
ui/customer_page/customer_display_shop.py,PyQt6.QtGui
ui/customer_page/customer_display_shop.py,PyQt6.QtWidgets
ui/customer_page/customer_display_shop.py,models.database
ui/customer_page/customer_display_shop.py,os
ui/customer_page/customer_display_shop.py,utils.receipt_images
ui/customer_page/customer_display_shop.py,utils.translations
ui/customer_page/customer_display_theme.py,ui.themes.theme_manager
ui/customer_page/customer_display_title_bar.py,.customer_display_theme
ui/customer_page/customer_display_title_bar.py,PyQt6.QtCore
ui/customer_page/customer_display_title_bar.py,PyQt6.QtWidgets
ui/customer_page/customer_display_title_bar.py,utils.translations
ui/customer_page/customer_display_utils.py,.customer_display_theme
ui/customer_page/customer_display_utils.py,PyQt6.QtCore
ui/customer_page/customer_display_utils.py,PyQt6.QtGui
ui/customer_page/customer_display_utils.py,PyQt6.QtWidgets
ui/customer_page/customer_display_utils.py,models.database
ui/customer_page/customer_display_utils.py,os
ui/customer_page/customer_display_utils.py,utils.receipt_images
ui/customer_page/customer_display_utils.py,utils.translations
ui/customer_page/customer_ledger_dialog.py,PyQt6.QtCore
ui/customer_page/customer_ledger_dialog.py,PyQt6.QtGui
ui/customer_page/customer_ledger_dialog.py,PyQt6.QtPrintSupport
ui/customer_page/customer_ledger_dialog.py,PyQt6.QtWidgets
ui/customer_page/customer_ledger_dialog.py,csv
ui/customer_page/customer_ledger_dialog.py,datetime
ui/customer_page/customer_ledger_dialog.py,loguru
ui/customer_page/customer_ledger_dialog.py,models.database
ui/customer_page/customer_ledger_dialog.py,os
ui/customer_page/customer_ledger_dialog.py,ui.themes.theme_manager
ui/customer_page/customer_ledger_dialog.py,ui.widgets.date_range_widget
ui/customer_page/customer_ledger_dialog.py,ui.widgets.modern_button
ui/customer_page/customer_ledger_dialog.py,ui.widgets.summary_card_widget
ui/customer_page/customer_ledger_dialog.py,utils.currency
ui/customer_page/customers_page.py,PyQt6.QtCore
ui/customer_page/customers_page.py,PyQt6.QtGui
ui/customer_page/customers_page.py,PyQt6.QtWidgets
ui/customer_page/customers_page.py,csv
ui/customer_page/customers_page.py,datetime
ui/customer_page/customers_page.py,models.database
ui/customer_page/customers_page.py,openpyxl
ui/customer_page/customers_page.py,openpyxl.styles
ui/customer_page/customers_page.py,ui.customer_page.add_edit_customer_dialog
ui/customer_page/customers_page.py,ui.customer_page.credit_payment_dialog
ui/customer_page/customers_page.py,ui.customer_page.credit_sale_dialog
ui/customer_page/customers_page.py,ui.customer_page.customer_ledger_dialog
ui/customer_page/customers_page.py,ui.customer_page.outstanding_report_dialog
ui/customer_page/customers_page.py,ui.themes.theme_manager
ui/customer_page/customers_page.py,ui.widgets.action_toolbar
ui/customer_page/customers_page.py,ui.widgets.modern_button
ui/customer_page/customers_page.py,ui.widgets.pagination_widget
ui/customer_page/customers_page.py,ui.widgets.search_widget
ui/customer_page/customers_page.py,utils.activity_logger
ui/customer_page/customers_page.py,utils.currency
ui/customer_page/customers_page.py,utils.excel_exporter
ui/customer_page/customers_page.py,utils.language
ui/customer_page/outstanding_report_dialog.py,PyQt6.QtCore
ui/customer_page/outstanding_report_dialog.py,PyQt6.QtGui
ui/customer_page/outstanding_report_dialog.py,PyQt6.QtWidgets
ui/customer_page/outstanding_report_dialog.py,csv
ui/customer_page/outstanding_report_dialog.py,datetime
ui/customer_page/outstanding_report_dialog.py,loguru
ui/customer_page/outstanding_report_dialog.py,models.database
ui/customer_page/outstanding_report_dialog.py,os
ui/customer_page/outstanding_report_dialog.py,ui.themes.theme_manager
ui/customer_page/outstanding_report_dialog.py,ui.widgets.modern_button
ui/customer_page/outstanding_report_dialog.py,ui.widgets.summary_card_widget
ui/customer_page/outstanding_report_dialog.py,utils.currency
ui/customer_page/outstanding_report_dialog.py,utils.language
ui/dashboard/__init__.py,ui.dashboard.ai_assistant
ui/dashboard/__init__.py,ui.dashboard.dashboard_backup
ui/dashboard/__init__.py,ui.dashboard.dashboard_cards
ui/dashboard/__init__.py,ui.dashboard.dashboard_dialogs
ui/dashboard/__init__.py,ui.dashboard.dashboard_export
ui/dashboard/__init__.py,ui.dashboard.dashboard_filters
ui/dashboard/__init__.py,ui.dashboard.dashboard_page
ui/dashboard/__init__.py,ui.dashboard.dashboard_table
ui/dashboard/__init__.py,ui.dashboard.modern_card
ui/dashboard/ai_assistant/__init__.py,.widget
ui/dashboard/ai_assistant/chart_tab.py,.data_loader
ui/dashboard/ai_assistant/chart_tab.py,.styles
ui/dashboard/ai_assistant/chart_tab.py,.utils
ui/dashboard/ai_assistant/chart_tab.py,PyQt6.QtCore
ui/dashboard/ai_assistant/chart_tab.py,PyQt6.QtGui
ui/dashboard/ai_assistant/chart_tab.py,PyQt6.QtWidgets
ui/dashboard/ai_assistant/chart_tab.py,math
ui/dashboard/ai_assistant/chart_tab.py,typing
ui/dashboard/ai_assistant/chart_tab.py,ui.themes.theme_manager
ui/dashboard/ai_assistant/chart_tab.py,utils.currency
ui/dashboard/ai_assistant/data_loader.py,datetime
ui/dashboard/ai_assistant/data_loader.py,models.database
ui/dashboard/ai_assistant/export_manager.py,csv
ui/dashboard/ai_assistant/export_manager.py,datetime
ui/dashboard/ai_assistant/export_manager.py,models.database
ui/dashboard/ai_assistant/export_manager.py,utils.currency
ui/dashboard/ai_assistant/insight_builder.py,.styles
ui/dashboard/ai_assistant/insight_builder.py,.utils
ui/dashboard/ai_assistant/insight_builder.py,PyQt6.QtCore
ui/dashboard/ai_assistant/insight_builder.py,PyQt6.QtGui
ui/dashboard/ai_assistant/insight_builder.py,PyQt6.QtWidgets
ui/dashboard/ai_assistant/insight_builder.py,ui.themes.theme_manager
ui/dashboard/ai_assistant/styles.py,ui.themes.theme_manager
ui/dashboard/ai_assistant/utils.py,.constants
ui/dashboard/ai_assistant/utils.py,PyQt6.QtCore
ui/dashboard/ai_assistant/utils.py,PyQt6.QtGui
ui/dashboard/ai_assistant/utils.py,PyQt6.QtSvg
ui/dashboard/ai_assistant/utils.py,datetime
ui/dashboard/ai_assistant/utils.py,os
ui/dashboard/ai_assistant/utils.py,re
ui/dashboard/ai_assistant/utils.py,ui.themes.theme_manager
ui/dashboard/ai_assistant/widget.py,.chart_tab
ui/dashboard/ai_assistant/widget.py,.constants
ui/dashboard/ai_assistant/widget.py,.data_loader
ui/dashboard/ai_assistant/widget.py,.export_manager
ui/dashboard/ai_assistant/widget.py,.insight_builder
ui/dashboard/ai_assistant/widget.py,.styles
ui/dashboard/ai_assistant/widget.py,.utils
ui/dashboard/ai_assistant/widget.py,PyQt6.QtCore
ui/dashboard/ai_assistant/widget.py,PyQt6.QtGui
ui/dashboard/ai_assistant/widget.py,PyQt6.QtWidgets
ui/dashboard/ai_assistant/widget.py,datetime
ui/dashboard/ai_assistant/widget.py,loguru
ui/dashboard/ai_assistant/widget.py,models.database
ui/dashboard/ai_assistant/widget.py,os
ui/dashboard/ai_assistant/widget.py,ui.themes.theme_manager
ui/dashboard/ai_assistant/widget.py,ui.widgets.modern_button
ui/dashboard/ai_assistant/widget.py,ui.widgets.search_widget
ui/dashboard/ai_assistant/widget.py,utils.currency
ui/dashboard/dashboard_backup.py,PyQt6.QtCore
ui/dashboard/dashboard_backup.py,PyQt6.QtWidgets
ui/dashboard/dashboard_backup.py,datetime
ui/dashboard/dashboard_backup.py,loguru
ui/dashboard/dashboard_backup.py,ui.themes.theme_manager
ui/dashboard/dashboard_cards.py,PyQt6.QtCore
ui/dashboard/dashboard_cards.py,PyQt6.QtWidgets
ui/dashboard/dashboard_cards.py,utils.currency
ui/dashboard/dashboard_dialogs.py,PyQt6.QtCore
ui/dashboard/dashboard_dialogs.py,PyQt6.QtGui
ui/dashboard/dashboard_dialogs.py,PyQt6.QtWidgets
ui/dashboard/dashboard_dialogs.py,models.database
ui/dashboard/dashboard_dialogs.py,ui.design_system.dialog_styles
ui/dashboard/dashboard_dialogs.py,ui.receipt_detail_dialog
ui/dashboard/dashboard_dialogs.py,ui.themes.theme_manager
ui/dashboard/dashboard_dialogs.py,utils.currency
ui/dashboard/dashboard_export.py,PyQt6.QtWidgets
ui/dashboard/dashboard_export.py,csv
ui/dashboard/dashboard_export.py,datetime
ui/dashboard/dashboard_export.py,models.database
ui/dashboard/dashboard_export.py,utils.currency
ui/dashboard/dashboard_export.py,utils.excel_exporter
ui/dashboard/dashboard_filters.py,PyQt6.QtCore
ui/dashboard/dashboard_filters.py,PyQt6.QtWidgets
ui/dashboard/dashboard_filters.py,models.database
ui/dashboard/dashboard_filters.py,utils.currency
ui/dashboard/dashboard_page.py,PyQt6.QtCore
ui/dashboard/dashboard_page.py,PyQt6.QtGui
ui/dashboard/dashboard_page.py,PyQt6.QtWidgets
ui/dashboard/dashboard_page.py,loguru
ui/dashboard/dashboard_page.py,models.database
ui/dashboard/dashboard_page.py,os
ui/dashboard/dashboard_page.py,ui.dashboard.ai_assistant
ui/dashboard/dashboard_page.py,ui.dashboard.dashboard_backup
ui/dashboard/dashboard_page.py,ui.dashboard.dashboard_table
ui/dashboard/dashboard_page.py,ui.themes.theme_manager
ui/dashboard/dashboard_page.py,ui.widgets
ui/dashboard/dashboard_page.py,ui.widgets.summary_card_widget
ui/dashboard/dashboard_page.py,utils.currency
ui/dashboard/dashboard_page.py,utils.language
ui/dashboard/dashboard_table.py,PyQt6.QtCore
ui/dashboard/dashboard_table.py,PyQt6.QtGui
ui/dashboard/dashboard_table.py,PyQt6.QtWidgets
ui/dashboard/dashboard_table.py,loguru
ui/dashboard/dashboard_table.py,models.database
ui/dashboard/dashboard_table.py,ui.themes.theme_manager
ui/dashboard/dashboard_table.py,utils.currency
ui/dashboard/modern_card.py,PyQt6.QtCore
ui/dashboard/modern_card.py,PyQt6.QtGui
ui/dashboard/modern_card.py,PyQt6.QtWidgets
ui/dashboard/modern_card.py,loguru
ui/dashboard/modern_card.py,ui.themes.theme_manager
ui/dashboard_page.py,ui.dashboard
ui/design_system/__init__.py,ui.design_system.buttons
ui/design_system/__init__.py,ui.design_system.card
ui/design_system/__init__.py,ui.design_system.combobox
ui/design_system/__init__.py,ui.design_system.dialog
ui/design_system/__init__.py,ui.design_system.header
ui/design_system/__init__.py,ui.design_system.search
ui/design_system/__init__.py,ui.design_system.stylesheet
ui/design_system/__init__.py,ui.design_system.table
ui/design_system/__init__.py,ui.design_system.theme
ui/design_system/buttons.py,PyQt6.QtCore
ui/design_system/buttons.py,PyQt6.QtGui
ui/design_system/buttons.py,PyQt6.QtWidgets
ui/design_system/buttons.py,ui.design_system.icon
ui/design_system/buttons.py,ui.design_system.theme
ui/design_system/card.py,PyQt6.QtCore
ui/design_system/card.py,PyQt6.QtGui
ui/design_system/card.py,PyQt6.QtWidgets
ui/design_system/card.py,ui.design_system.icon
ui/design_system/card.py,ui.design_system.theme
ui/design_system/colors.py,dataclasses
ui/design_system/colors.py,typing
ui/design_system/combobox.py,PyQt6.QtCore
ui/design_system/combobox.py,PyQt6.QtWidgets
ui/design_system/combobox.py,ui.design_system.theme
ui/design_system/dialog.py,PyQt6.QtCore
ui/design_system/dialog.py,PyQt6.QtGui
ui/design_system/dialog.py,PyQt6.QtWidgets
ui/design_system/dialog.py,ui.design_system.buttons
ui/design_system/dialog.py,ui.design_system.icon
ui/design_system/dialog.py,ui.design_system.theme
ui/design_system/dialog.py,ui.themes.theme_manager
ui/design_system/dialog_styles.py,PyQt6.QtCore
ui/design_system/dialog_styles.py,PyQt6.QtWidgets
ui/design_system/dialog_styles.py,ui.widgets.modern_button
ui/design_system/header.py,PyQt6.QtCore
ui/design_system/header.py,PyQt6.QtGui
ui/design_system/header.py,PyQt6.QtWidgets
ui/design_system/header.py,ui.design_system.icon
ui/design_system/header.py,ui.design_system.theme
ui/design_system/icon.py,PyQt6.QtCore
ui/design_system/icon.py,PyQt6.QtGui
ui/design_system/icon.py,PyQt6.QtSvg
ui/design_system/icon.py,loguru
ui/design_system/icon.py,os
ui/design_system/icon.py,re
ui/design_system/icon.py,typing
ui/design_system/icon.py,ui.design_system.theme
ui/design_system/message_box.py,PyQt6.QtCore
ui/design_system/message_box.py,PyQt6.QtWidgets
ui/design_system/search.py,PyQt6.QtCore
ui/design_system/search.py,PyQt6.QtGui
ui/design_system/search.py,PyQt6.QtWidgets
ui/design_system/search.py,ui.design_system.icon
ui/design_system/search.py,ui.design_system.theme
ui/design_system/stylesheet.py,PyQt6.QtWidgets
ui/design_system/stylesheet.py,ui.design_system.theme
ui/design_system/table.py,PyQt6.QtCore
ui/design_system/table.py,PyQt6.QtGui
ui/design_system/table.py,PyQt6.QtWidgets
ui/design_system/table.py,ui.design_system.theme
ui/design_system/theme.py,PyQt6.QtCore
ui/design_system/theme.py,PyQt6.QtGui
ui/design_system/theme.py,dataclasses
ui/design_system/theme.py,models.database
ui/design_system/theme.py,typing
ui/design_system/theme.py,ui.themes.theme_manager
ui/design_system/usage_example.py,PyQt6.QtCore
ui/design_system/usage_example.py,PyQt6.QtWidgets
ui/design_system/usage_example.py,colors
ui/design_system/usage_example.py,sys
ui/discount_page/__init__.py,ui.discount_page.discount_page
ui/discount_page/discount_page.py,PyQt6.QtCore
ui/discount_page/discount_page.py,PyQt6.QtGui
ui/discount_page/discount_page.py,PyQt6.QtWidgets
ui/discount_page/discount_page.py,loguru
ui/discount_page/discount_page.py,models.database
ui/discount_page/discount_page.py,ui.themes.theme_manager
ui/discount_page/discount_page.py,ui.widgets.action_toolbar
ui/discount_page/discount_page.py,ui.widgets.modern_button
ui/discount_page/discount_page.py,utils.currency
ui/discount_page/discount_page.py,utils.db_compat
ui/employee_page.py,PyQt6.QtCore
ui/employee_page.py,PyQt6.QtGui
ui/employee_page.py,PyQt6.QtWidgets
ui/employee_page.py,calendar
ui/employee_page.py,datetime
ui/employee_page.py,pathlib
ui/employee_page.py,services
ui/employee_page.py,services.zkteco_service
ui/employee_page.py,ui.design_system.icon
ui/employee_page.py,ui.employee_phase_two
ui/employee_page.py,ui.themes.theme_manager
ui/employee_page.py,ui.widgets.date_range_widget
ui/employee_page.py,ui.widgets.modern_button
ui/employee_page.py,ui.widgets.search_widget
ui/employee_page.py,ui.widgets.summary_card_widget
ui/employee_page.py,utils.permissions
ui/employee_phase_two.py,PyQt6.QtWidgets
ui/employee_phase_two.py,csv
ui/employee_phase_two.py,datetime
ui/employee_phase_two.py,services
ui/employee_phase_two.py,ui.employee_page
ui/employee_phase_two.py,ui.widgets.date_range_widget
ui/employee_phase_two.py,ui.widgets.search_widget
ui/expense/__init__.py,ui.expense.add_category_dialog
ui/expense/__init__.py,ui.expense.edit_category_dialog
ui/expense/__init__.py,ui.expense.expense_cards
ui/expense/__init__.py,ui.expense.expense_categories_dialog
ui/expense/__init__.py,ui.expense.expense_category_tab
ui/expense/__init__.py,ui.expense.expense_chart
ui/expense/__init__.py,ui.expense.expense_export
ui/expense/__init__.py,ui.expense.expense_filters
ui/expense/__init__.py,ui.expense.expense_page
ui/expense/__init__.py,ui.expense.expense_table
ui/expense/add_category_dialog.py,PyQt6.QtCore
ui/expense/add_category_dialog.py,PyQt6.QtGui
ui/expense/add_category_dialog.py,PyQt6.QtWidgets
ui/expense/add_category_dialog.py,models.database
ui/expense/add_category_dialog.py,pathlib
ui/expense/add_category_dialog.py,ui.themes.theme_manager
ui/expense/add_category_dialog.py,ui.widgets.modern_button
ui/expense/add_category_dialog.py,utils.language
ui/expense/edit_category_dialog.py,PyQt6.QtCore
ui/expense/edit_category_dialog.py,PyQt6.QtGui
ui/expense/edit_category_dialog.py,PyQt6.QtWidgets
ui/expense/edit_category_dialog.py,models.database
ui/expense/edit_category_dialog.py,pathlib
ui/expense/edit_category_dialog.py,ui.themes.theme_manager
ui/expense/edit_category_dialog.py,ui.widgets.modern_button
ui/expense/edit_category_dialog.py,utils.language
ui/expense/expense_cards.py,PyQt6.QtCore
ui/expense/expense_cards.py,PyQt6.QtWidgets
ui/expense/expense_cards.py,models.database
ui/expense/expense_cards.py,utils.currency
ui/expense/expense_categories_dialog.py,PyQt6.QtCore
ui/expense/expense_categories_dialog.py,PyQt6.QtGui
ui/expense/expense_categories_dialog.py,PyQt6.QtWidgets
ui/expense/expense_categories_dialog.py,loguru
ui/expense/expense_categories_dialog.py,models.database
ui/expense/expense_categories_dialog.py,ui.design_system.dialog_styles
ui/expense/expense_categories_dialog.py,ui.expense.add_category_dialog
ui/expense/expense_categories_dialog.py,ui.expense.edit_category_dialog
ui/expense/expense_categories_dialog.py,ui.themes.theme_manager
ui/expense/expense_categories_dialog.py,ui.widgets.modern_button
ui/expense/expense_categories_dialog.py,utils.language
ui/expense/expense_category_tab.py,PyQt6.QtCore
ui/expense/expense_category_tab.py,PyQt6.QtGui
ui/expense/expense_category_tab.py,PyQt6.QtWidgets
ui/expense/expense_category_tab.py,models.database
ui/expense/expense_category_tab.py,os
ui/expense/expense_category_tab.py,ui.themes.theme_manager
ui/expense/expense_category_tab.py,ui.widgets
ui/expense/expense_category_tab.py,utils.currency
ui/expense/expense_chart.py,PyQt6.QtCore
ui/expense/expense_chart.py,PyQt6.QtGui
ui/expense/expense_chart.py,PyQt6.QtWidgets
ui/expense/expense_chart.py,models.database
ui/expense/expense_chart.py,ui.ai_pages.ai_dashboard.dashboard_charts
ui/expense/expense_chart.py,ui.themes.theme_manager
ui/expense/expense_chart.py,utils.currency
ui/expense/expense_export.py,PyQt6.QtCore
ui/expense/expense_export.py,PyQt6.QtWidgets
ui/expense/expense_export.py,csv
ui/expense/expense_export.py,datetime
ui/expense/expense_export.py,models.database
ui/expense/expense_export.py,openpyxl
ui/expense/expense_export.py,openpyxl.styles
ui/expense/expense_export.py,utils.currency
ui/expense/expense_export.py,utils.excel_exporter
ui/expense/expense_filters.py,PyQt6.QtCore
ui/expense/expense_filters.py,PyQt6.QtWidgets
ui/expense/expense_filters.py,models.database
ui/expense/expense_page.py,PyQt6.QtCore
ui/expense/expense_page.py,PyQt6.QtGui
ui/expense/expense_page.py,PyQt6.QtWidgets
ui/expense/expense_page.py,loguru
ui/expense/expense_page.py,models.database
ui/expense/expense_page.py,os
ui/expense/expense_page.py,ui.expense.expense_categories_dialog
ui/expense/expense_page.py,ui.expense.expense_category_tab
ui/expense/expense_page.py,ui.expense.expense_chart
ui/expense/expense_page.py,ui.expense.expense_export
ui/expense/expense_page.py,ui.expense.expense_table
ui/expense/expense_page.py,ui.expense_attachment_dialog
ui/expense/expense_page.py,ui.expense_budget_dialog
ui/expense/expense_page.py,ui.expense_categories_dialog
ui/expense/expense_page.py,ui.expense_comparison_dialog
ui/expense/expense_page.py,ui.expense_dialog
ui/expense/expense_page.py,ui.expense_notification_dialog
ui/expense/expense_page.py,ui.themes.theme_manager
ui/expense/expense_page.py,ui.widgets
ui/expense/expense_page.py,ui.widgets.action_toolbar
ui/expense/expense_page.py,ui.widgets.modern_button
ui/expense/expense_page.py,utils.currency
ui/expense/expense_page.py,utils.language
ui/expense/expense_table.py,PyQt6.QtCore
ui/expense/expense_table.py,PyQt6.QtGui
ui/expense/expense_table.py,PyQt6.QtWidgets
ui/expense/expense_table.py,models.database
ui/expense/expense_table.py,ui.widgets.pagination_widget
ui/expense/expense_table.py,utils.currency
ui/expense_attachment_dialog.py,PyQt6.QtCore
ui/expense_attachment_dialog.py,PyQt6.QtGui
ui/expense_attachment_dialog.py,PyQt6.QtWidgets
ui/expense_attachment_dialog.py,datetime
ui/expense_attachment_dialog.py,models.database
ui/expense_attachment_dialog.py,os
ui/expense_attachment_dialog.py,shutil
ui/expense_attachment_dialog.py,subprocess
ui/expense_attachment_dialog.py,sys
ui/expense_budget_dialog.py,PyQt6.QtCore
ui/expense_budget_dialog.py,PyQt6.QtGui
ui/expense_budget_dialog.py,PyQt6.QtWidgets
ui/expense_budget_dialog.py,models.database
ui/expense_budget_dialog.py,ui.design_system.dialog_styles
ui/expense_budget_dialog.py,ui.themes.theme_manager
ui/expense_budget_dialog.py,ui.widgets.modern_button
ui/expense_budget_dialog.py,ui.widgets.no_wheel_spinbox
ui/expense_budget_dialog.py,ui.widgets.summary_card_widget
ui/expense_budget_dialog.py,utils.currency
ui/expense_categories_dialog.py,PyQt6.QtCore
ui/expense_categories_dialog.py,PyQt6.QtGui
ui/expense_categories_dialog.py,PyQt6.QtWidgets
ui/expense_categories_dialog.py,models.database
ui/expense_comparison_dialog.py,PyQt6.QtCore
ui/expense_comparison_dialog.py,PyQt6.QtGui
ui/expense_comparison_dialog.py,PyQt6.QtWidgets
ui/expense_comparison_dialog.py,datetime
ui/expense_comparison_dialog.py,models.database
ui/expense_comparison_dialog.py,os
ui/expense_comparison_dialog.py,ui.design_system.dialog_styles
ui/expense_comparison_dialog.py,ui.themes.theme_manager
ui/expense_comparison_dialog.py,ui.widgets
ui/expense_comparison_dialog.py,ui.widgets.modern_button
ui/expense_comparison_dialog.py,utils.currency
ui/expense_dialog.py,PyQt6.QtCore
ui/expense_dialog.py,PyQt6.QtGui
ui/expense_dialog.py,PyQt6.QtWidgets
ui/expense_dialog.py,datetime
ui/expense_dialog.py,models.database
ui/expense_dialog.py,utils.currency
ui/expense_notification_dialog.py,PyQt6.QtCore
ui/expense_notification_dialog.py,PyQt6.QtGui
ui/expense_notification_dialog.py,PyQt6.QtWidgets
ui/expense_notification_dialog.py,datetime
ui/expense_notification_dialog.py,models.database
ui/expense_notification_dialog.py,utils.currency
ui/expense_page.py,ui.expense
ui/inventory_page/__init__.py,ui.inventory_page.adjustment_dialog
ui/inventory_page/__init__.py,ui.inventory_page.current_stock_tab
ui/inventory_page/__init__.py,ui.inventory_page.expiry_tab
ui/inventory_page/__init__.py,ui.inventory_page.inventory_tabs
ui/inventory_page/__init__.py,ui.inventory_page.logs_tab
ui/inventory_page/__init__.py,ui.inventory_page.low_stock_tab
ui/inventory_page/__init__.py,ui.inventory_page.product_location_dialog
ui/inventory_page/__init__.py,ui.inventory_page.product_transaction_history_dialog
ui/inventory_page/__init__.py,ui.inventory_page.purchase_history_tab
ui/inventory_page/__init__.py,ui.inventory_page.purchase_order_dialog
ui/inventory_page/__init__.py,ui.inventory_page.stock_by_location_tab
ui/inventory_page/__init__.py,ui.inventory_page.stock_in_dialog
ui/inventory_page/__init__.py,ui.inventory_page.stock_movement_dialog
ui/inventory_page/__init__.py,ui.inventory_page.stock_out_dialog
ui/inventory_page/__init__.py,ui.inventory_page.stock_transfer_dialog
ui/inventory_page/__init__.py,ui.inventory_page.supplier_dialog
ui/inventory_page/__init__.py,ui.inventory_page.suppliers_tab
ui/inventory_page/__init__.py,ui.inventory_page.warehouse_dialog
ui/inventory_page/adjustment_dialog.py,PyQt6.QtCore
ui/inventory_page/adjustment_dialog.py,PyQt6.QtGui
ui/inventory_page/adjustment_dialog.py,PyQt6.QtWidgets
ui/inventory_page/adjustment_dialog.py,os
ui/inventory_page/adjustment_dialog.py,typing
ui/inventory_page/adjustment_dialog.py,ui.inventory_page.adjustment_handlers
ui/inventory_page/adjustment_dialog.py,ui.inventory_page.adjustment_ui
ui/inventory_page/adjustment_dialog.py,ui.themes.theme_manager
ui/inventory_page/adjustment_handlers.py,PyQt6.QtCore
ui/inventory_page/adjustment_handlers.py,PyQt6.QtGui
ui/inventory_page/adjustment_handlers.py,PyQt6.QtWidgets
ui/inventory_page/adjustment_handlers.py,datetime
ui/inventory_page/adjustment_handlers.py,models.database
ui/inventory_page/adjustment_handlers.py,os
ui/inventory_page/adjustment_handlers.py,ui.themes.theme_manager
ui/inventory_page/adjustment_handlers.py,utils.paths
ui/inventory_page/adjustment_handlers.py,utils.product_image_store
ui/inventory_page/adjustment_handlers.py,utils.translations
ui/inventory_page/adjustment_ui.py,PyQt6.QtCore
ui/inventory_page/adjustment_ui.py,PyQt6.QtGui
ui/inventory_page/adjustment_ui.py,PyQt6.QtWidgets
ui/inventory_page/adjustment_ui.py,datetime
ui/inventory_page/adjustment_ui.py,os
ui/inventory_page/adjustment_ui.py,ui.inventory_page.stock_in_widgets
ui/inventory_page/adjustment_ui.py,ui.themes.theme_manager
ui/inventory_page/adjustment_ui.py,ui.widgets.modern_button
ui/inventory_page/current_stock_tab.py,PyQt6.QtCore
ui/inventory_page/current_stock_tab.py,PyQt6.QtGui
ui/inventory_page/current_stock_tab.py,PyQt6.QtWidgets
ui/inventory_page/current_stock_tab.py,datetime
ui/inventory_page/current_stock_tab.py,models.database
ui/inventory_page/current_stock_tab.py,models.database.queries
ui/inventory_page/current_stock_tab.py,openpyxl
ui/inventory_page/current_stock_tab.py,openpyxl.styles
ui/inventory_page/current_stock_tab.py,os
ui/inventory_page/current_stock_tab.py,ui.inventory_page.adjustment_dialog
ui/inventory_page/current_stock_tab.py,ui.inventory_page.product_transaction_history_dialog
ui/inventory_page/current_stock_tab.py,ui.inventory_page.stock_in_dialog
ui/inventory_page/current_stock_tab.py,ui.inventory_page.stock_movement_dialog
ui/inventory_page/current_stock_tab.py,ui.inventory_page.stock_out_dialog
ui/inventory_page/current_stock_tab.py,ui.inventory_page.stock_transfer_dialog
ui/inventory_page/current_stock_tab.py,ui.product_detail_dialog
ui/inventory_page/current_stock_tab.py,ui.products_page.product_table
ui/inventory_page/current_stock_tab.py,ui.themes.theme_manager
ui/inventory_page/current_stock_tab.py,ui.widgets.modern_button
ui/inventory_page/current_stock_tab.py,ui.widgets.pagination_widget
ui/inventory_page/current_stock_tab.py,ui.widgets.search_widget
ui/inventory_page/current_stock_tab.py,utils.category_hierarchy
ui/inventory_page/current_stock_tab.py,utils.currency
ui/inventory_page/current_stock_tab.py,utils.excel_exporter
ui/inventory_page/current_stock_tab.py,utils.translations
ui/inventory_page/expiry_tab.py,PyQt6.QtCore
ui/inventory_page/expiry_tab.py,PyQt6.QtGui
ui/inventory_page/expiry_tab.py,PyQt6.QtWidgets
ui/inventory_page/expiry_tab.py,datetime
ui/inventory_page/expiry_tab.py,loguru
ui/inventory_page/expiry_tab.py,models.database
ui/inventory_page/expiry_tab.py,models.database.queries
ui/inventory_page/expiry_tab.py,openpyxl
ui/inventory_page/expiry_tab.py,openpyxl.styles
ui/inventory_page/expiry_tab.py,os
ui/inventory_page/expiry_tab.py,ui.print_barcode_dialog
ui/inventory_page/expiry_tab.py,ui.themes.theme_manager
ui/inventory_page/expiry_tab.py,ui.widgets.action_toolbar
ui/inventory_page/expiry_tab.py,ui.widgets.modern_button
ui/inventory_page/expiry_tab.py,ui.widgets.pagination_widget
ui/inventory_page/expiry_tab.py,ui.widgets.search_widget
ui/inventory_page/expiry_tab.py,ui.widgets.summary_card_widget
ui/inventory_page/expiry_tab.py,utils.currency
ui/inventory_page/expiry_tab.py,utils.excel_exporter
ui/inventory_page/expiry_tab.py,utils.translations
ui/inventory_page/inventory_tabs.py,PyQt6.QtCore
ui/inventory_page/inventory_tabs.py,PyQt6.QtGui
ui/inventory_page/inventory_tabs.py,PyQt6.QtWidgets
ui/inventory_page/inventory_tabs.py,datetime
ui/inventory_page/inventory_tabs.py,models.database
ui/inventory_page/inventory_tabs.py,os
ui/inventory_page/inventory_tabs.py,ui.inventory_page.current_stock_tab
ui/inventory_page/inventory_tabs.py,ui.inventory_page.expiry_tab
ui/inventory_page/inventory_tabs.py,ui.inventory_page.logs_tab
ui/inventory_page/inventory_tabs.py,ui.inventory_page.low_stock_tab
ui/inventory_page/inventory_tabs.py,ui.inventory_page.purchase_history_tab
ui/inventory_page/inventory_tabs.py,ui.inventory_page.stock_by_location_tab
ui/inventory_page/inventory_tabs.py,ui.inventory_page.suppliers_tab
ui/inventory_page/inventory_tabs.py,ui.inventory_page.warehouse_dialog
ui/inventory_page/inventory_tabs.py,ui.themes.theme_manager
ui/inventory_page/inventory_tabs.py,ui.widgets.modern_button
ui/inventory_page/inventory_tabs.py,utils.currency
ui/inventory_page/inventory_tabs.py,utils.excel_exporter
ui/inventory_page/inventory_tabs.py,utils.translations
ui/inventory_page/logs_tab.py,PyQt6.QtCore
ui/inventory_page/logs_tab.py,PyQt6.QtGui
ui/inventory_page/logs_tab.py,PyQt6.QtPrintSupport
ui/inventory_page/logs_tab.py,PyQt6.QtWidgets
ui/inventory_page/logs_tab.py,csv
ui/inventory_page/logs_tab.py,datetime
ui/inventory_page/logs_tab.py,models.database
ui/inventory_page/logs_tab.py,os
ui/inventory_page/logs_tab.py,ui.themes.theme_manager
ui/inventory_page/logs_tab.py,ui.widgets.date_range_widget
ui/inventory_page/logs_tab.py,ui.widgets.modern_button
ui/inventory_page/logs_tab.py,ui.widgets.pagination_widget
ui/inventory_page/logs_tab.py,ui.widgets.search_widget
ui/inventory_page/low_stock_tab.py,PyQt6.QtCore
ui/inventory_page/low_stock_tab.py,PyQt6.QtGui
ui/inventory_page/low_stock_tab.py,PyQt6.QtWidgets
ui/inventory_page/low_stock_tab.py,datetime
ui/inventory_page/low_stock_tab.py,models.database
ui/inventory_page/low_stock_tab.py,openpyxl
ui/inventory_page/low_stock_tab.py,openpyxl.styles
ui/inventory_page/low_stock_tab.py,os
ui/inventory_page/low_stock_tab.py,ui.themes.theme_manager
ui/inventory_page/low_stock_tab.py,ui.widgets.modern_button
ui/inventory_page/low_stock_tab.py,ui.widgets.pagination_widget
ui/inventory_page/low_stock_tab.py,ui.widgets.search_widget
ui/inventory_page/low_stock_tab.py,utils.excel_exporter
ui/inventory_page/product_location_dialog.py,PyQt6.QtCore
ui/inventory_page/product_location_dialog.py,PyQt6.QtGui
ui/inventory_page/product_location_dialog.py,PyQt6.QtWidgets
ui/inventory_page/product_location_dialog.py,models.database
ui/inventory_page/product_location_dialog.py,ui.design_system.dialog_styles
ui/inventory_page/product_location_dialog.py,ui.themes.theme_manager
ui/inventory_page/product_location_dialog.py,ui.widgets.modern_button
ui/inventory_page/product_location_dialog.py,ui.widgets.search_widget
ui/inventory_page/product_location_dialog.py,utils.currency
ui/inventory_page/product_location_dialog.py,utils.language
ui/inventory_page/product_transaction_history_dialog.py,PyQt6.QtCore
ui/inventory_page/product_transaction_history_dialog.py,PyQt6.QtGui
ui/inventory_page/product_transaction_history_dialog.py,PyQt6.QtWidgets
ui/inventory_page/product_transaction_history_dialog.py,datetime
ui/inventory_page/product_transaction_history_dialog.py,models.database
ui/inventory_page/product_transaction_history_dialog.py,openpyxl
ui/inventory_page/product_transaction_history_dialog.py,openpyxl.styles
ui/inventory_page/product_transaction_history_dialog.py,ui.design_system.dialog_styles
ui/inventory_page/product_transaction_history_dialog.py,ui.themes.theme_manager
ui/inventory_page/product_transaction_history_dialog.py,ui.widgets.date_range_widget
ui/inventory_page/product_transaction_history_dialog.py,ui.widgets.modern_button
ui/inventory_page/product_transaction_history_dialog.py,ui.widgets.pagination_widget
ui/inventory_page/product_transaction_history_dialog.py,utils.currency
ui/inventory_page/product_transaction_history_dialog.py,utils.excel_exporter
ui/inventory_page/purchase_history_tab.py,PyQt6.QtCore
ui/inventory_page/purchase_history_tab.py,PyQt6.QtGui
ui/inventory_page/purchase_history_tab.py,PyQt6.QtWidgets
ui/inventory_page/purchase_history_tab.py,csv
ui/inventory_page/purchase_history_tab.py,datetime
ui/inventory_page/purchase_history_tab.py,models.database
ui/inventory_page/purchase_history_tab.py,openpyxl
ui/inventory_page/purchase_history_tab.py,openpyxl.styles
ui/inventory_page/purchase_history_tab.py,os
ui/inventory_page/purchase_history_tab.py,ui.themes.theme_manager
ui/inventory_page/purchase_history_tab.py,ui.widgets.date_range_widget
ui/inventory_page/purchase_history_tab.py,ui.widgets.modern_button
ui/inventory_page/purchase_history_tab.py,ui.widgets.pagination_widget
ui/inventory_page/purchase_history_tab.py,ui.widgets.search_widget
ui/inventory_page/purchase_history_tab.py,utils.currency
ui/inventory_page/purchase_history_tab.py,utils.excel_exporter
ui/inventory_page/purchase_history_tab.py,utils.translations
ui/inventory_page/purchase_order_dialog.py,PyQt6.QtCore
ui/inventory_page/purchase_order_dialog.py,PyQt6.QtWidgets
ui/inventory_page/purchase_order_dialog.py,models.database
ui/inventory_page/purchase_order_dialog.py,utils.currency
ui/inventory_page/stock_by_location_tab.py,PyQt6.QtCore
ui/inventory_page/stock_by_location_tab.py,PyQt6.QtGui
ui/inventory_page/stock_by_location_tab.py,PyQt6.QtWidgets
ui/inventory_page/stock_by_location_tab.py,datetime
ui/inventory_page/stock_by_location_tab.py,models.database
ui/inventory_page/stock_by_location_tab.py,openpyxl
ui/inventory_page/stock_by_location_tab.py,openpyxl.styles
ui/inventory_page/stock_by_location_tab.py,os
ui/inventory_page/stock_by_location_tab.py,ui.themes.theme_manager
ui/inventory_page/stock_by_location_tab.py,ui.widgets.modern_button
ui/inventory_page/stock_by_location_tab.py,ui.widgets.pagination_widget
ui/inventory_page/stock_by_location_tab.py,ui.widgets.search_widget
ui/inventory_page/stock_by_location_tab.py,utils.currency
ui/inventory_page/stock_by_location_tab.py,utils.excel_exporter
ui/inventory_page/stock_in_dialog.py,PyQt6.QtCore
ui/inventory_page/stock_in_dialog.py,PyQt6.QtGui
ui/inventory_page/stock_in_dialog.py,PyQt6.QtWidgets
ui/inventory_page/stock_in_dialog.py,os
ui/inventory_page/stock_in_dialog.py,ui.inventory_page.stock_in_handlers
ui/inventory_page/stock_in_dialog.py,ui.inventory_page.stock_in_ui
ui/inventory_page/stock_in_dialog.py,ui.themes.theme_manager
ui/inventory_page/stock_in_handlers.py,PyQt6.QtCore
ui/inventory_page/stock_in_handlers.py,PyQt6.QtGui
ui/inventory_page/stock_in_handlers.py,PyQt6.QtWidgets
ui/inventory_page/stock_in_handlers.py,datetime
ui/inventory_page/stock_in_handlers.py,models.database
ui/inventory_page/stock_in_handlers.py,os
ui/inventory_page/stock_in_handlers.py,ui.products_page.product_table
ui/inventory_page/stock_in_handlers.py,utils.currency
ui/inventory_page/stock_in_handlers.py,utils.translations
ui/inventory_page/stock_in_handlers.py,utils.unit_conversion
ui/inventory_page/stock_in_ui.py,PyQt6.QtCore
ui/inventory_page/stock_in_ui.py,PyQt6.QtGui
ui/inventory_page/stock_in_ui.py,PyQt6.QtWidgets
ui/inventory_page/stock_in_ui.py,datetime
ui/inventory_page/stock_in_ui.py,os
ui/inventory_page/stock_in_ui.py,ui.inventory_page.stock_in_widgets
ui/inventory_page/stock_in_ui.py,ui.themes.theme_manager
ui/inventory_page/stock_in_ui.py,ui.widgets.modern_button
ui/inventory_page/stock_in_widgets.py,PyQt6.QtCore
ui/inventory_page/stock_in_widgets.py,PyQt6.QtWidgets
ui/inventory_page/stock_in_widgets.py,ui.themes.theme_manager
ui/inventory_page/stock_movement_dialog.py,PyQt6.QtCore
ui/inventory_page/stock_movement_dialog.py,PyQt6.QtGui
ui/inventory_page/stock_movement_dialog.py,PyQt6.QtWidgets
ui/inventory_page/stock_movement_dialog.py,datetime
ui/inventory_page/stock_movement_dialog.py,models.database
ui/inventory_page/stock_movement_dialog.py,models.database.queries
ui/inventory_page/stock_movement_dialog.py,os
ui/inventory_page/stock_movement_dialog.py,ui.themes.theme_manager
ui/inventory_page/stock_movement_dialog.py,ui.widgets.date_range_widget
ui/inventory_page/stock_movement_dialog.py,ui.widgets.modern_button
ui/inventory_page/stock_movement_dialog.py,ui.widgets.pagination_widget
ui/inventory_page/stock_movement_dialog.py,ui.widgets.status_badge_widget
ui/inventory_page/stock_movement_dialog.py,utils.currency
ui/inventory_page/stock_movement_dialog.py,utils.translations
ui/inventory_page/stock_out_dialog.py,PyQt6.QtCore
ui/inventory_page/stock_out_dialog.py,PyQt6.QtGui
ui/inventory_page/stock_out_dialog.py,PyQt6.QtWidgets
ui/inventory_page/stock_out_dialog.py,os
ui/inventory_page/stock_out_dialog.py,ui.inventory_page.stock_out_handlers
ui/inventory_page/stock_out_dialog.py,ui.inventory_page.stock_out_ui
ui/inventory_page/stock_out_dialog.py,ui.themes.theme_manager
ui/inventory_page/stock_out_handlers.py,PyQt6.QtCore
ui/inventory_page/stock_out_handlers.py,PyQt6.QtGui
ui/inventory_page/stock_out_handlers.py,PyQt6.QtWidgets
ui/inventory_page/stock_out_handlers.py,datetime
ui/inventory_page/stock_out_handlers.py,models.database
ui/inventory_page/stock_out_handlers.py,ui.products_page.product_table
ui/inventory_page/stock_out_handlers.py,utils.currency
ui/inventory_page/stock_out_handlers.py,utils.translations
ui/inventory_page/stock_out_ui.py,PyQt6.QtCore
ui/inventory_page/stock_out_ui.py,PyQt6.QtGui
ui/inventory_page/stock_out_ui.py,PyQt6.QtWidgets
ui/inventory_page/stock_out_ui.py,datetime
ui/inventory_page/stock_out_ui.py,os
ui/inventory_page/stock_out_ui.py,ui.inventory_page.stock_out_widgets
ui/inventory_page/stock_out_ui.py,ui.themes.theme_manager
ui/inventory_page/stock_out_ui.py,ui.widgets.modern_button
ui/inventory_page/stock_out_widgets.py,PyQt6.QtCore
ui/inventory_page/stock_out_widgets.py,PyQt6.QtWidgets
ui/inventory_page/stock_out_widgets.py,ui.themes.theme_manager
ui/inventory_page/stock_transfer_dialog.py,PyQt6.QtCore
ui/inventory_page/stock_transfer_dialog.py,PyQt6.QtGui
ui/inventory_page/stock_transfer_dialog.py,PyQt6.QtWidgets
ui/inventory_page/stock_transfer_dialog.py,os
ui/inventory_page/stock_transfer_dialog.py,ui.inventory_page.stock_transfer_handlers
ui/inventory_page/stock_transfer_dialog.py,ui.inventory_page.stock_transfer_ui
ui/inventory_page/stock_transfer_dialog.py,ui.themes.theme_manager
ui/inventory_page/stock_transfer_handlers.py,PyQt6.QtCore
ui/inventory_page/stock_transfer_handlers.py,PyQt6.QtGui
ui/inventory_page/stock_transfer_handlers.py,PyQt6.QtWidgets
ui/inventory_page/stock_transfer_handlers.py,datetime
ui/inventory_page/stock_transfer_handlers.py,loguru
ui/inventory_page/stock_transfer_handlers.py,models.database
ui/inventory_page/stock_transfer_handlers.py,os
ui/inventory_page/stock_transfer_handlers.py,utils.translations
ui/inventory_page/stock_transfer_ui.py,PyQt6.QtCore
ui/inventory_page/stock_transfer_ui.py,PyQt6.QtGui
ui/inventory_page/stock_transfer_ui.py,PyQt6.QtWidgets
ui/inventory_page/stock_transfer_ui.py,datetime
ui/inventory_page/stock_transfer_ui.py,os
ui/inventory_page/stock_transfer_ui.py,ui.inventory_page.stock_in_widgets
ui/inventory_page/stock_transfer_ui.py,ui.themes.theme_manager
ui/inventory_page/stock_transfer_ui.py,ui.widgets.modern_button
ui/inventory_page/supplier_dialog.py,PyQt6.QtCore
ui/inventory_page/supplier_dialog.py,PyQt6.QtGui
ui/inventory_page/supplier_dialog.py,PyQt6.QtWidgets
ui/inventory_page/supplier_dialog.py,models.database
ui/inventory_page/supplier_dialog.py,os
ui/inventory_page/supplier_dialog.py,ui.themes.theme_manager
ui/inventory_page/supplier_dialog.py,ui.widgets.modern_button
ui/inventory_page/suppliers_tab.py,PyQt6.QtCore
ui/inventory_page/suppliers_tab.py,PyQt6.QtGui
ui/inventory_page/suppliers_tab.py,PyQt6.QtWidgets
ui/inventory_page/suppliers_tab.py,models.database
ui/inventory_page/suppliers_tab.py,os
ui/inventory_page/suppliers_tab.py,ui.inventory_page.supplier_dialog
ui/inventory_page/suppliers_tab.py,ui.supplier_ledger_dialog
ui/inventory_page/suppliers_tab.py,ui.supplier_payment_dialog
ui/inventory_page/suppliers_tab.py,ui.themes.theme_manager
ui/inventory_page/suppliers_tab.py,ui.widgets.modern_button
ui/inventory_page/suppliers_tab.py,ui.widgets.pagination_widget
ui/inventory_page/suppliers_tab.py,ui.widgets.search_widget
ui/inventory_page/suppliers_tab.py,utils.translations
ui/inventory_page/warehouse_dialog.py,PyQt6.QtCore
ui/inventory_page/warehouse_dialog.py,PyQt6.QtGui
ui/inventory_page/warehouse_dialog.py,PyQt6.QtWidgets
ui/inventory_page/warehouse_dialog.py,loguru
ui/inventory_page/warehouse_dialog.py,models.database
ui/inventory_page/warehouse_dialog.py,os
ui/inventory_page/warehouse_dialog.py,ui.themes.theme_manager
ui/inventory_page/warehouse_dialog.py,ui.widgets.modern_button
ui/inventory_page/warehouse_dialog.py,utils.language
ui/inventory_page.py,ui.inventory_page
ui/lazy_loading_widget.py,PyQt6.QtCore
ui/lazy_loading_widget.py,PyQt6.QtGui
ui/lazy_loading_widget.py,PyQt6.QtWidgets
ui/lazy_loading_widget.py,loguru
ui/lazy_loading_widget.py,pathlib
ui/lazy_loading_widget.py,re
ui/lazy_loading_widget.py,time
ui/lazy_loading_widget.py,typing
ui/lazy_loading_widget.py,ui.themes.theme_manager
ui/lazy_loading_widget.py,utils.performance
ui/loading_dialog.py,PyQt6.QtCore
ui/loading_dialog.py,PyQt6.QtGui
ui/loading_dialog.py,PyQt6.QtSvg
ui/loading_dialog.py,PyQt6.QtWidgets
ui/loading_dialog.py,loguru
ui/loading_dialog.py,os
ui/loading_dialog.py,re
ui/loading_dialog.py,ui.themes.theme_manager
ui/login_dialog.py,PyQt6.QtCore
ui/login_dialog.py,PyQt6.QtGui
ui/login_dialog.py,PyQt6.QtWidgets
ui/login_dialog.py,hashlib
ui/login_dialog.py,models.database
ui/login_dialog.py,os
ui/login_dialog.py,ui.change_password_dialog
ui/login_dialog.py,ui.responsive_utils
ui/login_dialog.py,ui.themes.theme_manager
ui/login_dialog.py,ui.widgets.modern_button
ui/login_dialog.py,utils.language
ui/login_dialog.py,utils.translations
ui/main_window/__init__.py,ui.lazy_loading_widget
ui/main_window/__init__.py,ui.main_window.header
ui/main_window/__init__.py,ui.main_window.main_window
ui/main_window/__init__.py,ui.main_window.main_window_actions
ui/main_window/__init__.py,ui.main_window.main_window_handlers
ui/main_window/__init__.py,ui.main_window.main_window_menus
ui/main_window/__init__.py,ui.main_window.main_window_ui
ui/main_window/__init__.py,ui.main_window.modern_button
ui/main_window/__init__.py,ui.main_window.sidebar
ui/main_window/__init__.py,ui.main_window.status_bar
ui/main_window/header.py,PyQt6.QtCore
ui/main_window/header.py,PyQt6.QtGui
ui/main_window/header.py,PyQt6.QtWidgets
ui/main_window/header.py,datetime
ui/main_window/header.py,loguru
ui/main_window/header.py,models.database
ui/main_window/header.py,os
ui/main_window/header.py,ui.themes.theme_manager
ui/main_window/main_window.py,PyQt6.QtCore
ui/main_window/main_window.py,PyQt6.QtWidgets
ui/main_window/main_window.py,datetime
ui/main_window/main_window.py,loguru
ui/main_window/main_window.py,models.database
ui/main_window/main_window.py,os
ui/main_window/main_window.py,services.cloud_sync_service
ui/main_window/main_window.py,sys
ui/main_window/main_window.py,typing
ui/main_window/main_window.py,ui.ai_pages.ai_dashboard_digest
ui/main_window/main_window.py,ui.ai_pages.ai_sales_summary_governance
ui/main_window/main_window.py,ui.main_window.main_window_actions
ui/main_window/main_window.py,ui.main_window.main_window_handlers
ui/main_window/main_window.py,ui.main_window.main_window_menus
ui/main_window/main_window.py,ui.main_window.main_window_ui
ui/main_window/main_window.py,ui.themes.theme_manager
ui/main_window/main_window.py,updater.version_manager
ui/main_window/main_window.py,utils.auto_backup
ui/main_window/main_window.py,utils.branded_icons
ui/main_window/main_window.py,utils.customer_display_server
ui/main_window/main_window.py,utils.expense_notification_checker
ui/main_window/main_window.py,utils.language
ui/main_window/main_window.py,utils.performance
ui/main_window/main_window.py,utils.system_theme
ui/main_window/main_window.py,utils.telegram_service
ui/main_window/main_window_actions.py,PyQt6.QtCore
ui/main_window/main_window_actions.py,PyQt6.QtGui
ui/main_window/main_window_actions.py,PyQt6.QtWidgets
ui/main_window/main_window_actions.py,loguru
ui/main_window/main_window_actions.py,models.database
ui/main_window/main_window_actions.py,os
ui/main_window/main_window_actions.py,typing
ui/main_window/main_window_actions.py,ui.activity_log_page
ui/main_window/main_window_actions.py,ui.auto_backup_dialog
ui/main_window/main_window_actions.py,ui.cashier_window
ui/main_window/main_window_actions.py,ui.customer_page.outstanding_report_dialog
ui/main_window/main_window_actions.py,ui.expense_budget_dialog
ui/main_window/main_window_actions.py,ui.expense_comparison_dialog
ui/main_window/main_window_actions.py,ui.profit_loss_report_dialog
ui/main_window/main_window_actions.py,ui.profit_report_dialog
ui/main_window/main_window_actions.py,ui.reports.reports_dialog
ui/main_window/main_window_actions.py,ui.responsive_utils
ui/main_window/main_window_actions.py,ui.role_management_dialog
ui/main_window/main_window_actions.py,ui.sales_page.product_utils
ui/main_window/main_window_actions.py,ui.settings
ui/main_window/main_window_actions.py,ui.themes
ui/main_window/main_window_actions.py,ui.themes.theme_manager
ui/main_window/main_window_actions.py,utils.activity_logger
ui/main_window/main_window_actions.py,utils.performance
ui/main_window/main_window_actions.py,utils.receipt_images
ui/main_window/main_window_actions.py,utils.system_theme
ui/main_window/main_window_actions.py,utils.translations
ui/main_window/main_window_handlers.py,PyQt6.QtCore
ui/main_window/main_window_handlers.py,PyQt6.QtGui
ui/main_window/main_window_handlers.py,PyQt6.QtWidgets
ui/main_window/main_window_handlers.py,loguru
ui/main_window/main_window_handlers.py,models.database
ui/main_window/main_window_handlers.py,typing
ui/main_window/main_window_handlers.py,ui.stock_notification_dialog
ui/main_window/main_window_handlers.py,utils.language
ui/main_window/main_window_handlers.py,utils.translations
ui/main_window/main_window_menus.py,PyQt6.QtCore
ui/main_window/main_window_menus.py,PyQt6.QtGui
ui/main_window/main_window_menus.py,PyQt6.QtWidgets
ui/main_window/main_window_menus.py,__future__
ui/main_window/main_window_menus.py,loguru
ui/main_window/main_window_menus.py,typing
ui/main_window/main_window_menus.py,ui.main_window.main_window
ui/main_window/main_window_menus.py,utils.permissions
ui/main_window/main_window_menus.py,utils.translations
ui/main_window/main_window_ui.py,PyQt6.QtCore
ui/main_window/main_window_ui.py,PyQt6.QtGui
ui/main_window/main_window_ui.py,PyQt6.QtWidgets
ui/main_window/main_window_ui.py,loguru
ui/main_window/main_window_ui.py,models.database
ui/main_window/main_window_ui.py,services.employee_service
ui/main_window/main_window_ui.py,typing
ui/main_window/main_window_ui.py,ui.ai_pages
ui/main_window/main_window_ui.py,ui.customer_page
ui/main_window/main_window_ui.py,ui.dashboard.dashboard_page
ui/main_window/main_window_ui.py,ui.discount_page
ui/main_window/main_window_ui.py,ui.employee_page
ui/main_window/main_window_ui.py,ui.expense
ui/main_window/main_window_ui.py,ui.inventory_page
ui/main_window/main_window_ui.py,ui.lazy_loading_widget
ui/main_window/main_window_ui.py,ui.main_window.header
ui/main_window/main_window_ui.py,ui.main_window.sidebar
ui/main_window/main_window_ui.py,ui.main_window.status_bar
ui/main_window/main_window_ui.py,ui.products_page
ui/main_window/main_window_ui.py,ui.receipts_page
ui/main_window/main_window_ui.py,ui.responsive_utils
ui/main_window/main_window_ui.py,ui.restaurant_page
ui/main_window/main_window_ui.py,ui.sales_page
ui/main_window/main_window_ui.py,ui.sales_summary
ui/main_window/main_window_ui.py,ui.themes.theme_manager
ui/main_window/main_window_ui.py,ui.widgets.loading_overlay
ui/main_window/main_window_ui.py,updater.version_manager
ui/main_window/main_window_ui.py,utils.db_compat
ui/main_window/main_window_ui.py,utils.permissions
ui/main_window/main_window_ui.py,utils.sale_mode
ui/main_window/main_window_ui.py,utils.translations
ui/main_window/modern_button.py,PyQt6.QtCore
ui/main_window/modern_button.py,PyQt6.QtGui
ui/main_window/modern_button.py,PyQt6.QtWidgets
ui/main_window/modern_button.py,os
ui/main_window/modern_button.py,typing
ui/main_window/modern_button.py,ui.themes.theme_manager
ui/main_window/sidebar.py,PyQt6.QtCore
ui/main_window/sidebar.py,PyQt6.QtWidgets
ui/main_window/sidebar.py,loguru
ui/main_window/sidebar.py,typing
ui/main_window/sidebar.py,ui.main_window.modern_button
ui/main_window/sidebar.py,ui.themes
ui/main_window/sidebar.py,ui.themes.theme_manager
ui/main_window/sidebar.py,updater.version_manager
ui/main_window/sidebar.py,utils.permissions
ui/main_window/sidebar.py,utils.translations
ui/main_window/status_bar.py,PyQt6.QtCore
ui/main_window/status_bar.py,PyQt6.QtWidgets
ui/main_window/status_bar.py,ui.themes.theme_manager
ui/pos_receipt_app.py,PyQt6.QtCore
ui/pos_receipt_app.py,PyQt6.QtGui
ui/pos_receipt_app.py,PyQt6.QtPrintSupport
ui/pos_receipt_app.py,PyQt6.QtWidgets
ui/pos_receipt_app.py,sys
ui/pos_receipt_app.py,traceback
ui/print_barcode_dialog.py,PyQt6.QtCore
ui/print_barcode_dialog.py,PyQt6.QtGui
ui/print_barcode_dialog.py,PyQt6.QtPrintSupport
ui/print_barcode_dialog.py,PyQt6.QtSvg
ui/print_barcode_dialog.py,PyQt6.QtWidgets
ui/print_barcode_dialog.py,os
ui/print_barcode_dialog.py,re
ui/print_barcode_dialog.py,ui.themes.theme_manager
ui/print_barcode_dialog.py,ui.widgets.modern_button
ui/print_barcode_dialog.py,utils.translations
ui/product_detail_dialog.py,PyQt6.QtCore
ui/product_detail_dialog.py,PyQt6.QtGui
ui/product_detail_dialog.py,PyQt6.QtWidgets
ui/product_detail_dialog.py,functools
ui/product_detail_dialog.py,models.database
ui/product_detail_dialog.py,os
ui/product_detail_dialog.py,utils.paths
ui/products_page/__init__.py,ui.products_page.manage_categories_dialog
ui/products_page/__init__.py,ui.products_page.manage_category_groups_dialog
ui/products_page/__init__.py,ui.products_page.manage_category_groups_handlers
ui/products_page/__init__.py,ui.products_page.manage_category_groups_ui
ui/products_page/__init__.py,ui.products_page.product_ai_chat_panel
ui/products_page/__init__.py,ui.products_page.product_form_dialog
ui/products_page/__init__.py,ui.products_page.product_form_handlers
ui/products_page/__init__.py,ui.products_page.product_form_ui
ui/products_page/__init__.py,ui.products_page.product_form_widgets
ui/products_page/__init__.py,ui.products_page.products_page
ui/products_page/category_cost_dialog.py,PyQt6.QtCore
ui/products_page/category_cost_dialog.py,PyQt6.QtGui
ui/products_page/category_cost_dialog.py,PyQt6.QtWidgets
ui/products_page/category_cost_dialog.py,datetime
ui/products_page/category_cost_dialog.py,loguru
ui/products_page/category_cost_dialog.py,models.database
ui/products_page/category_cost_dialog.py,openpyxl
ui/products_page/category_cost_dialog.py,openpyxl.styles
ui/products_page/category_cost_dialog.py,os
ui/products_page/category_cost_dialog.py,ui.themes.theme_manager
ui/products_page/category_cost_dialog.py,ui.widgets.modern_button
ui/products_page/category_cost_dialog.py,ui.widgets.pagination_widget
ui/products_page/category_cost_dialog.py,ui.widgets.search_widget
ui/products_page/category_cost_dialog.py,ui.widgets.summary_card_widget
ui/products_page/category_cost_dialog.py,utils.currency
ui/products_page/category_cost_dialog.py,utils.excel_exporter
ui/products_page/category_cost_dialog.py,utils.language
ui/products_page/category_cost_dialog.py,utils.translations
ui/products_page/manage_categories_dialog.py,PyQt6.QtCore
ui/products_page/manage_categories_dialog.py,PyQt6.QtGui
ui/products_page/manage_categories_dialog.py,PyQt6.QtWidgets
ui/products_page/manage_categories_dialog.py,loguru
ui/products_page/manage_categories_dialog.py,models.database
ui/products_page/manage_categories_dialog.py,ui.themes.theme_manager
ui/products_page/manage_categories_dialog.py,ui.widgets.modern_button
ui/products_page/manage_categories_dialog.py,utils.language
ui/products_page/manage_categories_dialog.py,utils.speech_to_text
ui/products_page/manage_categories_dialog.py,utils.translations
ui/products_page/manage_category_groups_dialog.py,PyQt6.QtCore
ui/products_page/manage_category_groups_dialog.py,PyQt6.QtGui
ui/products_page/manage_category_groups_dialog.py,PyQt6.QtWidgets
ui/products_page/manage_category_groups_dialog.py,ui.products_page.manage_category_groups_handlers
ui/products_page/manage_category_groups_dialog.py,ui.products_page.manage_category_groups_ui
ui/products_page/manage_category_groups_dialog.py,ui.themes.theme_manager
ui/products_page/manage_category_groups_dialog.py,utils.language
ui/products_page/manage_category_groups_handlers.py,PyQt6.QtCore
ui/products_page/manage_category_groups_handlers.py,PyQt6.QtGui
ui/products_page/manage_category_groups_handlers.py,PyQt6.QtWidgets
ui/products_page/manage_category_groups_handlers.py,models.database
ui/products_page/manage_category_groups_handlers.py,ui.products_page.manage_categories_dialog
ui/products_page/manage_category_groups_handlers.py,ui.themes.theme_manager
ui/products_page/manage_category_groups_handlers.py,ui.widgets.modern_button
ui/products_page/manage_category_groups_handlers.py,utils.language
ui/products_page/manage_category_groups_handlers.py,utils.translations
ui/products_page/manage_category_groups_ui.py,PyQt6.QtCore
ui/products_page/manage_category_groups_ui.py,PyQt6.QtGui
ui/products_page/manage_category_groups_ui.py,PyQt6.QtWidgets
ui/products_page/manage_category_groups_ui.py,ui.themes.theme_manager
ui/products_page/manage_category_groups_ui.py,ui.widgets.modern_button
ui/products_page/manage_category_groups_ui.py,utils.language
ui/products_page/product_ai_chat_panel.py,PyQt6.QtCore
ui/products_page/product_ai_chat_panel.py,PyQt6.QtWidgets
ui/products_page/product_ai_chat_panel.py,re
ui/products_page/product_ai_chat_panel.py,time
ui/products_page/product_ai_chat_panel.py,ui.ai_pages.ai_chat_room
ui/products_page/product_ai_chat_panel.py,ui.products_page.product_ai_insights
ui/products_page/product_ai_chat_panel.py,ui.themes.theme_manager
ui/products_page/product_ai_chat_panel.py,ui.widgets.modern_button
ui/products_page/product_ai_insights.py,collections
ui/products_page/product_ai_insights.py,datetime
ui/products_page/product_ai_insights.py,loguru
ui/products_page/product_ai_insights.py,math
ui/products_page/product_ai_insights.py,models.database.connection
ui/products_page/product_ai_insights.py,re
ui/products_page/product_ai_insights.py,utils.db_compat
ui/products_page/product_card.py,PyQt6.QtCore
ui/products_page/product_card.py,PyQt6.QtGui
ui/products_page/product_card.py,PyQt6.QtWidgets
ui/products_page/product_card.py,loguru
ui/products_page/product_card.py,models.database
ui/products_page/product_card.py,os
ui/products_page/product_card.py,ui.products_page.category_cost_dialog
ui/products_page/product_card.py,ui.widgets.summary_card_widget
ui/products_page/product_card.py,utils.currency
ui/products_page/product_card.py,utils.language
ui/products_page/product_filters.py,PyQt6.QtCore
ui/products_page/product_filters.py,PyQt6.QtGui
ui/products_page/product_filters.py,PyQt6.QtWidgets
ui/products_page/product_filters.py,models.database
ui/products_page/product_filters.py,os
ui/products_page/product_filters.py,ui.themes.theme_manager
ui/products_page/product_filters.py,ui.widgets.search_widget
ui/products_page/product_filters.py,utils.language
ui/products_page/product_form_dialog.py,PyQt6.QtCore
ui/products_page/product_form_dialog.py,PyQt6.QtGui
ui/products_page/product_form_dialog.py,PyQt6.QtWidgets
ui/products_page/product_form_dialog.py,os
ui/products_page/product_form_dialog.py,ui.products_page.product_form_handlers
ui/products_page/product_form_dialog.py,ui.products_page.product_form_ui
ui/products_page/product_form_dialog.py,ui.themes.theme_manager
ui/products_page/product_form_handlers.py,PyQt6.QtCore
ui/products_page/product_form_handlers.py,PyQt6.QtGui
ui/products_page/product_form_handlers.py,PyQt6.QtWidgets
ui/products_page/product_form_handlers.py,models.database
ui/products_page/product_form_handlers.py,os
ui/products_page/product_form_handlers.py,ui.products_page.product_form_ui_styles
ui/products_page/product_form_handlers.py,ui.products_page.product_table
ui/products_page/product_form_handlers.py,ui.themes.theme_manager
ui/products_page/product_form_handlers.py,ui.widgets.modern_button
ui/products_page/product_form_handlers.py,utils.db_compat
ui/products_page/product_form_handlers.py,utils.image_optimizer
ui/products_page/product_form_handlers.py,utils.language
ui/products_page/product_form_handlers.py,utils.paths
ui/products_page/product_form_handlers.py,utils.product_image_store
ui/products_page/product_form_handlers.py,utils.restaurant_modifiers
ui/products_page/product_form_handlers.py,utils.translations
ui/products_page/product_form_handlers.py,utils.unit_conversion
ui/products_page/product_form_handlers.py,utils.wholesale_pricing
ui/products_page/product_form_handlers.py,uuid
ui/products_page/product_form_ui.py,PyQt6.QtCore
ui/products_page/product_form_ui.py,PyQt6.QtGui
ui/products_page/product_form_ui.py,PyQt6.QtWidgets
ui/products_page/product_form_ui.py,os
ui/products_page/product_form_ui.py,ui.products_page.product_form_ui_panels
ui/products_page/product_form_ui.py,ui.products_page.product_form_ui_styles
ui/products_page/product_form_ui.py,ui.themes.theme_manager
ui/products_page/product_form_ui.py,ui.widgets.modern_button
ui/products_page/product_form_ui_base.py,PyQt6.QtCore
ui/products_page/product_form_ui_base.py,PyQt6.QtGui
ui/products_page/product_form_ui_base.py,PyQt6.QtSvg
ui/products_page/product_form_ui_base.py,PyQt6.QtWidgets
ui/products_page/product_form_ui_base.py,base64
ui/products_page/product_form_ui_base.py,io
ui/products_page/product_form_ui_base.py,os
ui/products_page/product_form_ui_base.py,re
ui/products_page/product_form_ui_base.py,ui.products_page.product_form_widgets
ui/products_page/product_form_ui_base.py,ui.themes.theme_manager
ui/products_page/product_form_ui_base.py,ui.widgets.modern_button
ui/products_page/product_form_ui_panels.py,PyQt6.QtCore
ui/products_page/product_form_ui_panels.py,PyQt6.QtGui
ui/products_page/product_form_ui_panels.py,PyQt6.QtWidgets
ui/products_page/product_form_ui_panels.py,ui.products_page.product_form_ui_base
ui/products_page/product_form_ui_panels.py,ui.products_page.product_form_ui_styles
ui/products_page/product_form_ui_panels.py,ui.products_page.product_form_widgets
ui/products_page/product_form_ui_panels.py,ui.themes.theme_manager
ui/products_page/product_form_ui_panels.py,ui.widgets.modern_button
ui/products_page/product_form_ui_styles.py,ui.themes.theme_manager
ui/products_page/product_form_widgets.py,PyQt6.QtCore
ui/products_page/product_form_widgets.py,PyQt6.QtWidgets
ui/products_page/product_service.py,PyQt6.QtCore
ui/products_page/product_service.py,PyQt6.QtWidgets
ui/products_page/product_service.py,csv
ui/products_page/product_service.py,loguru
ui/products_page/product_service.py,models.database
ui/products_page/product_service.py,utils.activity_logger
ui/products_page/product_service.py,utils.category_hierarchy
ui/products_page/product_table.py,PyQt6.QtCore
ui/products_page/product_table.py,PyQt6.QtGui
ui/products_page/product_table.py,PyQt6.QtWidgets
ui/products_page/product_table.py,functools
ui/products_page/product_table.py,models.database
ui/products_page/product_table.py,os
ui/products_page/product_table.py,ui.product_detail_dialog
ui/products_page/product_table.py,ui.themes.theme_manager
ui/products_page/product_table.py,ui.widgets.pagination_widget
ui/products_page/product_table.py,utils.currency
ui/products_page/product_table.py,utils.image_optimizer
ui/products_page/product_table.py,utils.language
ui/products_page/product_table.py,utils.paths
ui/products_page/product_table.py,utils.product_image_store
ui/products_page/products_page.py,PyQt6.QtCore
ui/products_page/products_page.py,PyQt6.QtGui
ui/products_page/products_page.py,PyQt6.QtWidgets
ui/products_page/products_page.py,datetime
ui/products_page/products_page.py,loguru
ui/products_page/products_page.py,models.database
ui/products_page/products_page.py,openpyxl
ui/products_page/products_page.py,openpyxl.styles
ui/products_page/products_page.py,os
ui/products_page/products_page.py,ui.categories.category_list_dialog
ui/products_page/products_page.py,ui.print_barcode_dialog
ui/products_page/products_page.py,ui.products_page.manage_category_groups_dialog
ui/products_page/products_page.py,ui.products_page.product_ai_chat_panel
ui/products_page/products_page.py,ui.products_page.product_card
ui/products_page/products_page.py,ui.products_page.product_filters
ui/products_page/products_page.py,ui.products_page.product_form_dialog
ui/products_page/products_page.py,ui.products_page.product_service
ui/products_page/products_page.py,ui.products_page.product_table
ui/products_page/products_page.py,ui.themes.theme_manager
ui/products_page/products_page.py,ui.widgets.action_toolbar
ui/products_page/products_page.py,ui.widgets.modern_button
ui/products_page/products_page.py,utils.currency
ui/products_page/products_page.py,utils.excel_exporter
ui/products_page/products_page.py,utils.language
ui/products_page/products_page.py,utils.permissions
ui/profit_loss_report_dialog.py,PyQt6.QtCore
ui/profit_loss_report_dialog.py,PyQt6.QtGui
ui/profit_loss_report_dialog.py,PyQt6.QtWidgets
ui/profit_loss_report_dialog.py,csv
ui/profit_loss_report_dialog.py,datetime
ui/profit_loss_report_dialog.py,models.database
ui/profit_loss_report_dialog.py,os
ui/profit_loss_report_dialog.py,ui.themes.theme_manager
ui/profit_loss_report_dialog.py,ui.widgets
ui/profit_loss_report_dialog.py,ui.widgets.modern_button
ui/profit_loss_report_dialog.py,utils.currency
ui/profit_report_dialog.py,PyQt6.QtCore
ui/profit_report_dialog.py,PyQt6.QtGui
ui/profit_report_dialog.py,PyQt6.QtWidgets
ui/profit_report_dialog.py,csv
ui/profit_report_dialog.py,datetime
ui/profit_report_dialog.py,models.database
ui/profit_report_dialog.py,os
ui/profit_report_dialog.py,ui.themes.theme_manager
ui/profit_report_dialog.py,ui.widgets
ui/profit_report_dialog.py,ui.widgets.modern_button
ui/profit_report_dialog.py,utils.currency
ui/receipt_detail_dialog.py,PyQt6.QtCore
ui/receipt_detail_dialog.py,PyQt6.QtGui
ui/receipt_detail_dialog.py,PyQt6.QtWidgets
ui/receipt_detail_dialog.py,models.database
ui/receipt_detail_dialog.py,os
ui/receipt_detail_dialog.py,ui.design_system.dialog_styles
ui/receipt_detail_dialog.py,ui.themes.theme_manager
ui/receipt_detail_dialog.py,ui.widgets.modern_button
ui/receipt_detail_dialog.py,utils.currency
ui/receipt_detail_dialog.py,utils.wholesale_pricing
ui/receipt_dialog.py,PyQt6.QtCore
ui/receipt_dialog.py,PyQt6.QtGui
ui/receipt_dialog.py,PyQt6.QtPrintSupport
ui/receipt_dialog.py,PyQt6.QtWidgets
ui/receipt_dialog.py,ctypes
ui/receipt_dialog.py,models.database
ui/receipt_dialog.py,os
ui/receipt_dialog.py,services.network_printer_client
ui/receipt_dialog.py,utils.currency
ui/receipt_dialog.py,utils.receipt_images
ui/receipt_dialog.py,utils.receipt_template
ui/receipt_dialog.py,utils.wholesale_pricing
ui/receipts_page/__init__.py,ui.receipts_page.credit_tab
ui/receipts_page/__init__.py,ui.receipts_page.discount_tab
ui/receipts_page/__init__.py,ui.receipts_page.receipts_page
ui/receipts_page/__init__.py,ui.receipts_page.receipts_tab
ui/receipts_page/__init__.py,ui.receipts_page.refund_tab
ui/receipts_page/credit_tab.py,PyQt6.QtCore
ui/receipts_page/credit_tab.py,PyQt6.QtGui
ui/receipts_page/credit_tab.py,PyQt6.QtWidgets
ui/receipts_page/credit_tab.py,datetime
ui/receipts_page/credit_tab.py,models.database
ui/receipts_page/credit_tab.py,openpyxl
ui/receipts_page/credit_tab.py,openpyxl.styles
ui/receipts_page/credit_tab.py,ui.receipt_detail_dialog
ui/receipts_page/credit_tab.py,ui.themes.theme_manager
ui/receipts_page/credit_tab.py,ui.widgets.modern_button
ui/receipts_page/credit_tab.py,ui.widgets.pagination_widget
ui/receipts_page/credit_tab.py,ui.widgets.search_widget
ui/receipts_page/credit_tab.py,ui.widgets.toast_notification_widget
ui/receipts_page/credit_tab.py,utils.currency
ui/receipts_page/credit_tab.py,utils.excel_exporter
ui/receipts_page/credit_tab.py,utils.language
ui/receipts_page/discount_tab.py,PyQt6.QtCore
ui/receipts_page/discount_tab.py,PyQt6.QtGui
ui/receipts_page/discount_tab.py,PyQt6.QtWidgets
ui/receipts_page/discount_tab.py,datetime
ui/receipts_page/discount_tab.py,models.database
ui/receipts_page/discount_tab.py,openpyxl
ui/receipts_page/discount_tab.py,openpyxl.styles
ui/receipts_page/discount_tab.py,ui.receipt_detail_dialog
ui/receipts_page/discount_tab.py,ui.themes.theme_manager
ui/receipts_page/discount_tab.py,ui.widgets.modern_button
ui/receipts_page/discount_tab.py,ui.widgets.pagination_widget
ui/receipts_page/discount_tab.py,ui.widgets.search_widget
ui/receipts_page/discount_tab.py,ui.widgets.toast_notification_widget
ui/receipts_page/discount_tab.py,utils.currency
ui/receipts_page/discount_tab.py,utils.excel_exporter
ui/receipts_page/discount_tab.py,utils.language
ui/receipts_page/receipts_page.py,PyQt6.QtCore
ui/receipts_page/receipts_page.py,PyQt6.QtGui
ui/receipts_page/receipts_page.py,PyQt6.QtWidgets
ui/receipts_page/receipts_page.py,loguru
ui/receipts_page/receipts_page.py,models.database
ui/receipts_page/receipts_page.py,os
ui/receipts_page/receipts_page.py,ui.receipts_page.credit_tab
ui/receipts_page/receipts_page.py,ui.receipts_page.discount_tab
ui/receipts_page/receipts_page.py,ui.receipts_page.receipts_tab
ui/receipts_page/receipts_page.py,ui.receipts_page.refund_tab
ui/receipts_page/receipts_page.py,ui.themes.theme_manager
ui/receipts_page/receipts_page.py,ui.widgets.date_range_widget
ui/receipts_page/receipts_page.py,ui.widgets.modern_button
ui/receipts_page/receipts_page.py,ui.widgets.summary_card_widget
ui/receipts_page/receipts_page.py,ui.widgets.toast_notification_widget
ui/receipts_page/receipts_page.py,utils.currency
ui/receipts_page/receipts_page.py,utils.language
ui/receipts_page/receipts_page.py,utils.permissions
ui/receipts_page/receipts_tab.py,PyQt6.QtCore
ui/receipts_page/receipts_tab.py,PyQt6.QtGui
ui/receipts_page/receipts_tab.py,PyQt6.QtWidgets
ui/receipts_page/receipts_tab.py,csv
ui/receipts_page/receipts_tab.py,datetime
ui/receipts_page/receipts_tab.py,loguru
ui/receipts_page/receipts_tab.py,models.database
ui/receipts_page/receipts_tab.py,services.credit_service
ui/receipts_page/receipts_tab.py,ui.receipt_detail_dialog
ui/receipts_page/receipts_tab.py,ui.receipt_dialog
ui/receipts_page/receipts_tab.py,ui.themes.theme_manager
ui/receipts_page/receipts_tab.py,ui.widgets.modern_button
ui/receipts_page/receipts_tab.py,ui.widgets.pagination_widget
ui/receipts_page/receipts_tab.py,ui.widgets.search_widget
ui/receipts_page/receipts_tab.py,ui.widgets.toast_notification_widget
ui/receipts_page/receipts_tab.py,utils.currency
ui/receipts_page/receipts_tab.py,utils.language
ui/receipts_page/receipts_tab.py,utils.permissions
ui/receipts_page/refund_tab.py,PyQt6.QtCore
ui/receipts_page/refund_tab.py,PyQt6.QtGui
ui/receipts_page/refund_tab.py,PyQt6.QtWidgets
ui/receipts_page/refund_tab.py,datetime
ui/receipts_page/refund_tab.py,models.database
ui/receipts_page/refund_tab.py,openpyxl
ui/receipts_page/refund_tab.py,openpyxl.styles
ui/receipts_page/refund_tab.py,ui.receipt_detail_dialog
ui/receipts_page/refund_tab.py,ui.themes.theme_manager
ui/receipts_page/refund_tab.py,ui.widgets.modern_button
ui/receipts_page/refund_tab.py,ui.widgets.pagination_widget
ui/receipts_page/refund_tab.py,ui.widgets.search_widget
ui/receipts_page/refund_tab.py,ui.widgets.toast_notification_widget
ui/receipts_page/refund_tab.py,utils.currency
ui/receipts_page/refund_tab.py,utils.excel_exporter
ui/receipts_page/refund_tab.py,utils.language
ui/receipts_page.py,PyQt6.QtCore
ui/receipts_page.py,PyQt6.QtGui
ui/receipts_page.py,PyQt6.QtWidgets
ui/receipts_page.py,csv
ui/receipts_page.py,datetime
ui/receipts_page.py,models.database
ui/receipts_page.py,ui.receipt_detail_dialog
ui/receipts_page.py,ui.receipt_dialog
ui/receipts_page.py,ui.widgets.pagination_widget
ui/receipts_page.py,utils.currency
ui/receipts_page.py,utils.language
ui/receipts_page.py,utils.permissions
ui/reports/__init__.py,ui.reports.base_report_dialog
ui/reports/__init__.py,ui.reports.expense_report
ui/reports/__init__.py,ui.reports.financial_summary
ui/reports/__init__.py,ui.reports.profit_loss_report
ui/reports/__init__.py,ui.reports.reports_dialog
ui/reports/__init__.py,ui.reports.sales_report
ui/reports/base_report_dialog.py,PyQt6.QtCore
ui/reports/base_report_dialog.py,PyQt6.QtGui
ui/reports/base_report_dialog.py,PyQt6.QtWidgets
ui/reports/base_report_dialog.py,csv
ui/reports/base_report_dialog.py,datetime
ui/reports/base_report_dialog.py,loguru
ui/reports/base_report_dialog.py,models.database
ui/reports/base_report_dialog.py,os
ui/reports/base_report_dialog.py,ui.themes.theme_manager
ui/reports/base_report_dialog.py,ui.widgets
ui/reports/base_report_dialog.py,ui.widgets.modern_button
ui/reports/base_report_dialog.py,utils.currency
ui/reports/expense_report.py,PyQt6.QtCore
ui/reports/expense_report.py,PyQt6.QtGui
ui/reports/expense_report.py,PyQt6.QtWidgets
ui/reports/expense_report.py,datetime
ui/reports/expense_report.py,loguru
ui/reports/expense_report.py,models.database
ui/reports/expense_report.py,openpyxl
ui/reports/expense_report.py,openpyxl.styles
ui/reports/expense_report.py,os
ui/reports/expense_report.py,ui.themes.theme_manager
ui/reports/expense_report.py,ui.widgets
ui/reports/expense_report.py,ui.widgets.modern_button
ui/reports/expense_report.py,utils.currency
ui/reports/expense_report.py,utils.excel_exporter
ui/reports/financial_summary.py,PyQt6.QtCore
ui/reports/financial_summary.py,PyQt6.QtGui
ui/reports/financial_summary.py,PyQt6.QtWidgets
ui/reports/financial_summary.py,datetime
ui/reports/financial_summary.py,loguru
ui/reports/financial_summary.py,models.database
ui/reports/financial_summary.py,openpyxl
ui/reports/financial_summary.py,openpyxl.styles
ui/reports/financial_summary.py,ui.themes.theme_manager
ui/reports/financial_summary.py,utils.currency
ui/reports/financial_summary.py,utils.excel_exporter
ui/reports/financial_summary.py,utils.language
ui/reports/financial_summary.py,utils.translations
ui/reports/profit_loss_report.py,PyQt6.QtCore
ui/reports/profit_loss_report.py,PyQt6.QtGui
ui/reports/profit_loss_report.py,PyQt6.QtWidgets
ui/reports/profit_loss_report.py,datetime
ui/reports/profit_loss_report.py,loguru
ui/reports/profit_loss_report.py,models.database
ui/reports/profit_loss_report.py,openpyxl
ui/reports/profit_loss_report.py,openpyxl.styles
ui/reports/profit_loss_report.py,ui.themes.theme_manager
ui/reports/profit_loss_report.py,utils.currency
ui/reports/profit_loss_report.py,utils.excel_exporter
ui/reports/profit_loss_report_dialog.py,PyQt6.QtCore
ui/reports/profit_loss_report_dialog.py,PyQt6.QtGui
ui/reports/profit_loss_report_dialog.py,PyQt6.QtWidgets
ui/reports/profit_loss_report_dialog.py,csv
ui/reports/profit_loss_report_dialog.py,datetime
ui/reports/profit_loss_report_dialog.py,models.database
ui/reports/profit_loss_report_dialog.py,openpyxl
ui/reports/profit_loss_report_dialog.py,openpyxl.styles
ui/reports/profit_loss_report_dialog.py,os
ui/reports/profit_loss_report_dialog.py,ui.reports.base_report_dialog
ui/reports/profit_loss_report_dialog.py,ui.themes.theme_manager
ui/reports/profit_loss_report_dialog.py,ui.widgets.summary_card_widget
ui/reports/profit_loss_report_dialog.py,utils.currency
ui/reports/profit_loss_report_dialog.py,utils.excel_exporter
ui/reports/reports_dialog.py,PyQt6.QtCore
ui/reports/reports_dialog.py,PyQt6.QtGui
ui/reports/reports_dialog.py,PyQt6.QtWidgets
ui/reports/reports_dialog.py,loguru
ui/reports/reports_dialog.py,os
ui/reports/reports_dialog.py,ui.reports.base_report_dialog
ui/reports/reports_dialog.py,ui.reports.expense_report
ui/reports/reports_dialog.py,ui.reports.financial_summary
ui/reports/reports_dialog.py,ui.reports.profit_loss_report
ui/reports/reports_dialog.py,ui.reports.sales_report
ui/reports/reports_dialog.py,ui.themes.theme_manager
ui/reports/reports_dialog.py,utils.language
ui/reports/sales_report.py,PyQt6.QtCore
ui/reports/sales_report.py,PyQt6.QtGui
ui/reports/sales_report.py,PyQt6.QtWidgets
ui/reports/sales_report.py,datetime
ui/reports/sales_report.py,loguru
ui/reports/sales_report.py,models.database
ui/reports/sales_report.py,openpyxl
ui/reports/sales_report.py,openpyxl.styles
ui/reports/sales_report.py,ui.themes.theme_manager
ui/reports/sales_report.py,ui.widgets
ui/reports/sales_report.py,utils.currency
ui/reports/sales_report.py,utils.excel_exporter
ui/responsive_utils.py,typing
ui/restaurant_page.py,PyQt6.QtCore
ui/restaurant_page.py,PyQt6.QtPrintSupport
ui/restaurant_page.py,PyQt6.QtWidgets
ui/restaurant_page.py,loguru
ui/restaurant_page.py,models.database
ui/restaurant_page.py,ui.expense_dialog
ui/restaurant_page.py,ui.sales_page.cart_widget
ui/restaurant_page.py,ui.sales_page.checkout_handler
ui/restaurant_page.py,ui.sales_page.options_widget
ui/restaurant_page.py,ui.sales_page.payment_widget
ui/restaurant_page.py,ui.sales_page.product_grid
ui/restaurant_page.py,ui.sales_page.totals_widget
ui/restaurant_page.py,ui.themes
ui/restaurant_page.py,ui.widgets.modern_button
ui/restaurant_page.py,utils.currency
ui/restaurant_page.py,utils.customer_utils
ui/restaurant_page.py,utils.restaurant_modifiers
ui/restaurant_page.py,utils.restaurant_service
ui/restaurant_page.py,utils.translations
ui/role_management_dialog.py,PyQt6.QtCore
ui/role_management_dialog.py,PyQt6.QtGui
ui/role_management_dialog.py,PyQt6.QtWidgets
ui/role_management_dialog.py,models.database
ui/role_management_dialog.py,ui.design_system.dialog_styles
ui/role_management_dialog.py,ui.themes.theme_manager
ui/role_management_dialog.py,utils.language
ui/sales_page/__init__.py,ui.sales_page.cart_widget
ui/sales_page/__init__.py,ui.sales_page.category_slider
ui/sales_page/__init__.py,ui.sales_page.checkout_handler
ui/sales_page/__init__.py,ui.sales_page.grid_view
ui/sales_page/__init__.py,ui.sales_page.list_view
ui/sales_page/__init__.py,ui.sales_page.options_widget
ui/sales_page/__init__.py,ui.sales_page.payment_widget
ui/sales_page/__init__.py,ui.sales_page.product_card
ui/sales_page/__init__.py,ui.sales_page.product_grid
ui/sales_page/__init__.py,ui.sales_page.product_utils
ui/sales_page/__init__.py,ui.sales_page.sales_page
ui/sales_page/__init__.py,ui.sales_page.totals_widget
ui/sales_page/cart_widget.py,PyQt6.QtCore
ui/sales_page/cart_widget.py,PyQt6.QtGui
ui/sales_page/cart_widget.py,PyQt6.QtWidgets
ui/sales_page/cart_widget.py,models.database
ui/sales_page/cart_widget.py,typing
ui/sales_page/cart_widget.py,ui.cashier_window.cart_widget
ui/sales_page/cart_widget.py,ui.sales_page.product_utils
ui/sales_page/cart_widget.py,ui.themes.theme_manager
ui/sales_page/cart_widget.py,utils.currency
ui/sales_page/category_slider.py,PyQt6.QtCore
ui/sales_page/category_slider.py,PyQt6.QtGui
ui/sales_page/category_slider.py,PyQt6.QtWidgets
ui/sales_page/category_slider.py,loguru
ui/sales_page/category_slider.py,ui.themes.theme_manager
ui/sales_page/category_slider.py,ui.widgets.modern_button
ui/sales_page/category_slider.py,utils.performance
ui/sales_page/checkout_handler/__init__.py,ui.sales_page.checkout_handler.checkout_dialogs
ui/sales_page/checkout_handler/__init__.py,ui.sales_page.checkout_handler.checkout_handler
ui/sales_page/checkout_handler/__init__.py,ui.sales_page.checkout_handler.checkout_helpers
ui/sales_page/checkout_handler/__init__.py,ui.sales_page.checkout_handler.checkout_processor
ui/sales_page/checkout_handler/__init__.py,ui.sales_page.checkout_handler.checkout_utils
ui/sales_page/checkout_handler/checkout_dialogs.py,PyQt6.QtCore
ui/sales_page/checkout_handler/checkout_dialogs.py,PyQt6.QtGui
ui/sales_page/checkout_handler/checkout_dialogs.py,PyQt6.QtWidgets
ui/sales_page/checkout_handler/checkout_dialogs.py,loguru
ui/sales_page/checkout_handler/checkout_dialogs.py,ui.themes.theme_manager
ui/sales_page/checkout_handler/checkout_dialogs.py,utils.currency
ui/sales_page/checkout_handler/checkout_dialogs.py,utils.language
ui/sales_page/checkout_handler/checkout_handler.py,PyQt6.QtCore
ui/sales_page/checkout_handler/checkout_handler.py,PyQt6.QtGui
ui/sales_page/checkout_handler/checkout_handler.py,PyQt6.QtWidgets
ui/sales_page/checkout_handler/checkout_handler.py,datetime
ui/sales_page/checkout_handler/checkout_handler.py,loguru
ui/sales_page/checkout_handler/checkout_handler.py,models.database
ui/sales_page/checkout_handler/checkout_handler.py,services.credit_service
ui/sales_page/checkout_handler/checkout_handler.py,typing
ui/sales_page/checkout_handler/checkout_handler.py,ui.sales_page.cart_widget
ui/sales_page/checkout_handler/checkout_handler.py,ui.sales_page.checkout_handler.checkout_dialogs
ui/sales_page/checkout_handler/checkout_handler.py,ui.sales_page.checkout_handler.checkout_helpers
ui/sales_page/checkout_handler/checkout_handler.py,ui.sales_page.checkout_handler.checkout_processor
ui/sales_page/checkout_handler/checkout_handler.py,ui.sales_page.checkout_handler.checkout_utils
ui/sales_page/checkout_handler/checkout_handler.py,utils.currency
ui/sales_page/checkout_handler/checkout_handler.py,utils.db_compat
ui/sales_page/checkout_handler/checkout_handler.py,utils.held_sales
ui/sales_page/checkout_handler/checkout_handler.py,utils.language
ui/sales_page/checkout_handler/checkout_handler.py,utils.translations
ui/sales_page/checkout_handler/checkout_helpers.py,PyQt6.QtWidgets
ui/sales_page/checkout_handler/checkout_helpers.py,datetime
ui/sales_page/checkout_handler/checkout_helpers.py,loguru
ui/sales_page/checkout_handler/checkout_helpers.py,models.database
ui/sales_page/checkout_handler/checkout_helpers.py,models.database.queries
ui/sales_page/checkout_handler/checkout_helpers.py,utils.currency
ui/sales_page/checkout_handler/checkout_helpers.py,utils.language
ui/sales_page/checkout_handler/checkout_helpers.py,utils.translations
ui/sales_page/checkout_handler/checkout_processor.py,datetime
ui/sales_page/checkout_handler/checkout_processor.py,loguru
ui/sales_page/checkout_handler/checkout_processor.py,models.database
ui/sales_page/checkout_handler/checkout_processor.py,services.credit_service
ui/sales_page/checkout_handler/checkout_processor.py,utils.wholesale_pricing
ui/sales_page/checkout_handler/checkout_utils.py,PyQt6.QtCore
ui/sales_page/checkout_handler/checkout_utils.py,PyQt6.QtGui
ui/sales_page/checkout_handler/checkout_utils.py,PyQt6.QtPrintSupport
ui/sales_page/checkout_handler/checkout_utils.py,PyQt6.QtWidgets
ui/sales_page/checkout_handler/checkout_utils.py,ctypes
ui/sales_page/checkout_handler/checkout_utils.py,loguru
ui/sales_page/checkout_handler/checkout_utils.py,models.database
ui/sales_page/checkout_handler/checkout_utils.py,services.network_printer_client
ui/sales_page/checkout_handler/checkout_utils.py,utils.currency
ui/sales_page/checkout_handler/checkout_utils.py,utils.receipt_images
ui/sales_page/checkout_handler/checkout_utils.py,utils.receipt_template
ui/sales_page/checkout_handler/checkout_utils.py,utils.wholesale_pricing
ui/sales_page/grid_view.py,PyQt6.QtCore
ui/sales_page/grid_view.py,PyQt6.QtGui
ui/sales_page/grid_view.py,PyQt6.QtWidgets
ui/sales_page/grid_view.py,loguru
ui/sales_page/grid_view.py,models.database
ui/sales_page/grid_view.py,typing
ui/sales_page/grid_view.py,ui.sales_page.product_card
ui/sales_page/grid_view.py,ui.sales_page.product_utils
ui/sales_page/grid_view.py,ui.themes.theme_manager
ui/sales_page/grid_view.py,ui.widgets.numeric_keypad_dialog
ui/sales_page/grid_view.py,utils.currency
ui/sales_page/list_view.py,PyQt6.QtCore
ui/sales_page/list_view.py,PyQt6.QtGui
ui/sales_page/list_view.py,PyQt6.QtWidgets
ui/sales_page/list_view.py,models.database
ui/sales_page/list_view.py,ui.sales_page.product_utils
ui/sales_page/list_view.py,ui.themes.theme_manager
ui/sales_page/list_view.py,ui.widgets.numeric_keypad_dialog
ui/sales_page/list_view.py,utils.currency
ui/sales_page/options_widget.py,PyQt6.QtCore
ui/sales_page/options_widget.py,PyQt6.QtGui
ui/sales_page/options_widget.py,PyQt6.QtWidgets
ui/sales_page/options_widget.py,ui.themes
ui/sales_page/options_widget.py,utils.language
ui/sales_page/options_widget.py,utils.translations
ui/sales_page/payment_widget.py,PyQt6.QtCore
ui/sales_page/payment_widget.py,PyQt6.QtGui
ui/sales_page/payment_widget.py,PyQt6.QtWidgets
ui/sales_page/payment_widget.py,ui.themes
ui/sales_page/payment_widget.py,ui.themes.theme_manager
ui/sales_page/payment_widget.py,ui.widgets.numeric_keypad_dialog
ui/sales_page/payment_widget.py,utils.currency
ui/sales_page/payment_widget.py,utils.language
ui/sales_page/product_card.py,PyQt6.QtCore
ui/sales_page/product_card.py,PyQt6.QtGui
ui/sales_page/product_card.py,PyQt6.QtWidgets
ui/sales_page/product_card.py,os
ui/sales_page/product_card.py,ui.sales_page.product_utils
ui/sales_page/product_card.py,ui.themes.theme_manager
ui/sales_page/product_card.py,utils.currency
ui/sales_page/product_grid.py,PyQt6.QtCore
ui/sales_page/product_grid.py,PyQt6.QtGui
ui/sales_page/product_grid.py,PyQt6.QtWidgets
ui/sales_page/product_grid.py,loguru
ui/sales_page/product_grid.py,models.database
ui/sales_page/product_grid.py,re
ui/sales_page/product_grid.py,time
ui/sales_page/product_grid.py,ui.sales_page.category_slider
ui/sales_page/product_grid.py,ui.sales_page.grid_view
ui/sales_page/product_grid.py,ui.sales_page.list_view
ui/sales_page/product_grid.py,ui.sales_page.product_utils
ui/sales_page/product_grid.py,ui.themes.theme_manager
ui/sales_page/product_grid.py,ui.widgets.combo_box_widget
ui/sales_page/product_grid.py,ui.widgets.numeric_keypad_dialog
ui/sales_page/product_grid.py,ui.widgets.pagination_widget
ui/sales_page/product_grid.py,ui.widgets.search_widget
ui/sales_page/product_grid.py,utils.currency
ui/sales_page/product_grid.py,utils.language
ui/sales_page/product_grid.py,utils.performance
ui/sales_page/product_utils.py,PyQt6.QtCore
ui/sales_page/product_utils.py,PyQt6.QtGui
ui/sales_page/product_utils.py,os
ui/sales_page/product_utils.py,utils.paths
ui/sales_page/product_utils.py,utils.performance
ui/sales_page/product_utils.py,utils.product_image_store
ui/sales_page/sales_page.py,PyQt6
ui/sales_page/sales_page.py,PyQt6.QtCore
ui/sales_page/sales_page.py,PyQt6.QtGui
ui/sales_page/sales_page.py,PyQt6.QtPrintSupport
ui/sales_page/sales_page.py,PyQt6.QtWidgets
ui/sales_page/sales_page.py,ctypes
ui/sales_page/sales_page.py,json
ui/sales_page/sales_page.py,loguru
ui/sales_page/sales_page.py,models.database
ui/sales_page/sales_page.py,ui
ui/sales_page/sales_page.py,ui.design_system.icon
ui/sales_page/sales_page.py,ui.expense_dialog
ui/sales_page/sales_page.py,ui.sales_page.cart_widget
ui/sales_page/sales_page.py,ui.sales_page.checkout_handler
ui/sales_page/sales_page.py,ui.sales_page.options_widget
ui/sales_page/sales_page.py,ui.sales_page.payment_widget
ui/sales_page/sales_page.py,ui.sales_page.product_grid
ui/sales_page/sales_page.py,ui.sales_page.product_utils
ui/sales_page/sales_page.py,ui.sales_page.totals_widget
ui/sales_page/sales_page.py,ui.themes
ui/sales_page/sales_page.py,ui.widgets.modern_button
ui/sales_page/sales_page.py,utils.currency
ui/sales_page/sales_page.py,utils.customer_utils
ui/sales_page/sales_page.py,utils.language
ui/sales_page/sales_page.py,utils.translations
ui/sales_page/totals_widget.py,PyQt6.QtCore
ui/sales_page/totals_widget.py,PyQt6.QtWidgets
ui/sales_page/totals_widget.py,loguru
ui/sales_page/totals_widget.py,ui.themes
ui/sales_page/totals_widget.py,utils.currency
ui/sales_page/totals_widget.py,utils.language
ui/sales_summary/__init__.py,ui.sales_summary.categories_tab
ui/sales_summary/__init__.py,ui.sales_summary.category_groups_tab
ui/sales_summary/__init__.py,ui.sales_summary.category_parents_tab
ui/sales_summary/__init__.py,ui.sales_summary.items_tab
ui/sales_summary/__init__.py,ui.sales_summary.payment_tab
ui/sales_summary/__init__.py,ui.sales_summary.sales_summary_page
ui/sales_summary/__init__.py,ui.sales_summary.top_items_tab
ui/sales_summary/__init__.py,ui.sales_summary.wholesale_items_tab
ui/sales_summary/base_sales_summary.py,PyQt6.QtCore
ui/sales_summary/base_sales_summary.py,PyQt6.QtWidgets
ui/sales_summary/base_sales_summary.py,csv
ui/sales_summary/base_sales_summary.py,datetime
ui/sales_summary/base_sales_summary.py,models.database
ui/sales_summary/base_sales_summary.py,utils.currency
ui/sales_summary/base_sales_summary.py,utils.excel_exporter
ui/sales_summary/base_sales_summary.py,utils.language
ui/sales_summary/categories_tab.py,PyQt6.QtCore
ui/sales_summary/categories_tab.py,PyQt6.QtGui
ui/sales_summary/categories_tab.py,PyQt6.QtWidgets
ui/sales_summary/categories_tab.py,models.database
ui/sales_summary/categories_tab.py,ui.widgets.search_widget
ui/sales_summary/categories_tab.py,utils.currency
ui/sales_summary/category_groups_tab.py,PyQt6.QtCore
ui/sales_summary/category_groups_tab.py,PyQt6.QtGui
ui/sales_summary/category_groups_tab.py,PyQt6.QtWidgets
ui/sales_summary/category_groups_tab.py,models.database
ui/sales_summary/category_groups_tab.py,ui.widgets.search_widget
ui/sales_summary/category_groups_tab.py,utils.currency
ui/sales_summary/category_parents_tab.py,PyQt6.QtCore
ui/sales_summary/category_parents_tab.py,PyQt6.QtGui
ui/sales_summary/category_parents_tab.py,PyQt6.QtWidgets
ui/sales_summary/category_parents_tab.py,models.database
ui/sales_summary/category_parents_tab.py,ui.widgets.search_widget
ui/sales_summary/category_parents_tab.py,utils.currency
ui/sales_summary/items_tab.py,PyQt6.QtCore
ui/sales_summary/items_tab.py,PyQt6.QtGui
ui/sales_summary/items_tab.py,PyQt6.QtWidgets
ui/sales_summary/items_tab.py,loguru
ui/sales_summary/items_tab.py,models.database
ui/sales_summary/items_tab.py,traceback
ui/sales_summary/items_tab.py,ui.design_system.dialog_styles
ui/sales_summary/items_tab.py,ui.receipt_detail_dialog
ui/sales_summary/items_tab.py,ui.themes.theme_manager
ui/sales_summary/items_tab.py,ui.widgets.modern_button
ui/sales_summary/items_tab.py,ui.widgets.pagination_widget
ui/sales_summary/items_tab.py,ui.widgets.search_widget
ui/sales_summary/items_tab.py,utils.currency
ui/sales_summary/items_tab.py,utils.language
ui/sales_summary/payment_tab.py,PyQt6.QtCore
ui/sales_summary/payment_tab.py,PyQt6.QtGui
ui/sales_summary/payment_tab.py,PyQt6.QtWidgets
ui/sales_summary/payment_tab.py,models.database
ui/sales_summary/payment_tab.py,utils.currency
ui/sales_summary/sales_summary_page.py,PyQt6.QtCore
ui/sales_summary/sales_summary_page.py,PyQt6.QtGui
ui/sales_summary/sales_summary_page.py,PyQt6.QtWidgets
ui/sales_summary/sales_summary_page.py,datetime
ui/sales_summary/sales_summary_page.py,models.database
ui/sales_summary/sales_summary_page.py,openpyxl
ui/sales_summary/sales_summary_page.py,openpyxl.styles
ui/sales_summary/sales_summary_page.py,os
ui/sales_summary/sales_summary_page.py,ui.sales_summary.base_sales_summary
ui/sales_summary/sales_summary_page.py,ui.sales_summary.categories_tab
ui/sales_summary/sales_summary_page.py,ui.sales_summary.category_groups_tab
ui/sales_summary/sales_summary_page.py,ui.sales_summary.category_parents_tab
ui/sales_summary/sales_summary_page.py,ui.sales_summary.items_tab
ui/sales_summary/sales_summary_page.py,ui.sales_summary.payment_tab
ui/sales_summary/sales_summary_page.py,ui.sales_summary.top_items_tab
ui/sales_summary/sales_summary_page.py,ui.sales_summary.wholesale_items_tab
ui/sales_summary/sales_summary_page.py,ui.themes.theme_manager
ui/sales_summary/sales_summary_page.py,ui.widgets
ui/sales_summary/sales_summary_page.py,utils.currency
ui/sales_summary/sales_summary_page.py,utils.excel_exporter
ui/sales_summary/sales_summary_page.py,utils.language
ui/sales_summary/sales_summary_page.py,utils.wholesale_pricing
ui/sales_summary/top_items_tab.py,PyQt6.QtCore
ui/sales_summary/top_items_tab.py,PyQt6.QtGui
ui/sales_summary/top_items_tab.py,PyQt6.QtWidgets
ui/sales_summary/top_items_tab.py,models.database
ui/sales_summary/top_items_tab.py,ui.themes.theme_manager
ui/sales_summary/top_items_tab.py,utils.currency
ui/sales_summary/top_items_tab.py,utils.language
ui/sales_summary/top_items_tab.py,utils.system_theme
ui/sales_summary/wholesale_items_tab.py,PyQt6.QtCore
ui/sales_summary/wholesale_items_tab.py,PyQt6.QtGui
ui/sales_summary/wholesale_items_tab.py,PyQt6.QtWidgets
ui/sales_summary/wholesale_items_tab.py,models.database
ui/sales_summary/wholesale_items_tab.py,ui.widgets.pagination_widget
ui/sales_summary/wholesale_items_tab.py,ui.widgets.search_widget
ui/sales_summary/wholesale_items_tab.py,utils.currency
ui/sales_summary/wholesale_items_tab.py,utils.wholesale_pricing
ui/sales_summary_page.py,PyQt6.QtCore
ui/sales_summary_page.py,PyQt6.QtWidgets
ui/sales_summary_page.py,csv
ui/sales_summary_page.py,datetime
ui/sales_summary_page.py,models.database
ui/sales_summary_page.py,openpyxl
ui/sales_summary_page.py,openpyxl.styles
ui/sales_summary_page.py,openpyxl.utils
ui/sales_summary_page.py,utils.currency
ui/sales_summary_page.py,utils.excel_exporter
ui/sales_summary_page.py,utils.language
ui/settings/__init__.py,importlib
ui/settings/backup_reset_setting.py,PyQt6.QtCore
ui/settings/backup_reset_setting.py,PyQt6.QtGui
ui/settings/backup_reset_setting.py,PyQt6.QtWidgets
ui/settings/backup_reset_setting.py,datetime
ui/settings/backup_reset_setting.py,gc
ui/settings/backup_reset_setting.py,hashlib
ui/settings/backup_reset_setting.py,loguru
ui/settings/backup_reset_setting.py,models.database
ui/settings/backup_reset_setting.py,models.database.recovery
ui/settings/backup_reset_setting.py,os
ui/settings/backup_reset_setting.py,shutil
ui/settings/backup_reset_setting.py,sqlite3
ui/settings/backup_reset_setting.py,subprocess
ui/settings/backup_reset_setting.py,sys
ui/settings/backup_reset_setting.py,tempfile
ui/settings/backup_reset_setting.py,time
ui/settings/backup_reset_setting.py,utils.db_compat
ui/settings/backup_reset_setting.py,utils.language
ui/settings/backup_reset_setting.py,utils.paths
ui/settings/backup_reset_setting.py,utils.permissions
ui/settings/backup_reset_setting.py,utils.product_image_store
ui/settings/backup_reset_setting.py,zipfile
ui/settings/database_connection_setting.py,PyQt6.QtCore
ui/settings/database_connection_setting.py,PyQt6.QtWidgets
ui/settings/database_connection_setting.py,os
ui/settings/database_connection_setting.py,services.cloud_sync_service
ui/settings/database_connection_setting.py,subprocess
ui/settings/database_connection_setting.py,sys
ui/settings/database_connection_setting.py,utils.db_connection_config
ui/settings/general_setting.py,PyQt6.QtCore
ui/settings/general_setting.py,PyQt6.QtWidgets
ui/settings/general_setting.py,models.database
ui/settings/general_setting.py,ui.responsive_utils
ui/settings/general_setting.py,utils.language
ui/settings/general_setting.py,utils.sale_mode
ui/settings/performance_setting.py,PyQt6.QtCore
ui/settings/performance_setting.py,PyQt6.QtWidgets
ui/settings/performance_setting.py,models.database
ui/settings/performance_setting.py,utils.performance
ui/settings/print_setting.py,PyQt6.QtCore
ui/settings/print_setting.py,PyQt6.QtPrintSupport
ui/settings/print_setting.py,PyQt6.QtWidgets
ui/settings/print_setting.py,models.database
ui/settings/print_setting.py,services.network_printer_client
ui/settings/print_setting.py,ui.widgets.modern_button
ui/settings/print_setting.py,utils.language
ui/settings/receipt_setting.py,PyQt6.QtCore
ui/settings/receipt_setting.py,PyQt6.QtGui
ui/settings/receipt_setting.py,PyQt6.QtWidgets
ui/settings/receipt_setting.py,models.database
ui/settings/receipt_setting.py,os
ui/settings/receipt_setting.py,ui.themes.theme_manager
ui/settings/receipt_setting.py,ui.widgets.modern_button
ui/settings/receipt_setting.py,utils.language
ui/settings/receipt_setting.py,utils.receipt_images
ui/settings/receipt_setting.py,utils.receipt_template
ui/settings/regional_setting.py,PyQt6.QtCore
ui/settings/regional_setting.py,PyQt6.QtWidgets
ui/settings/regional_setting.py,models.database
ui/settings/regional_setting.py,utils.language
ui/settings/restaurant_setting.py,PyQt6.QtCore
ui/settings/restaurant_setting.py,PyQt6.QtWidgets
ui/settings/restaurant_setting.py,ui.widgets.modern_button
ui/settings/restaurant_setting.py,utils.restaurant_service
ui/settings/settings_center.py,PyQt6.QtCore
ui/settings/settings_center.py,PyQt6.QtPrintSupport
ui/settings/settings_center.py,PyQt6.QtWidgets
ui/settings/settings_center.py,models.database
ui/settings/settings_center.py,services.network_printer_client
ui/settings/settings_center.py,ui.settings.backup_reset_setting
ui/settings/settings_center.py,ui.settings.database_connection_setting
ui/settings/settings_center.py,ui.settings.general_setting
ui/settings/settings_center.py,ui.settings.performance_setting
ui/settings/settings_center.py,ui.settings.print_setting
ui/settings/settings_center.py,ui.settings.receipt_setting
ui/settings/settings_center.py,ui.settings.regional_setting
ui/settings/settings_center.py,ui.settings.restaurant_setting
ui/settings/settings_center.py,ui.settings.telegram_setting
ui/settings/settings_center.py,ui.settings.update_setting
ui/settings/settings_center.py,ui.settings.users_setting
ui/settings/settings_center.py,ui.settings.youtube_setting
ui/settings/settings_center.py,ui.settings.zkteco_setting
ui/settings/settings_center.py,ui.themes.theme_manager
ui/settings/settings_center.py,utils.language
ui/settings/settings_center.py,utils.permissions
ui/settings/settings_page.py,ui.settings.settings_center
ui/settings/telegram_setting.py,PyQt6.QtCore
ui/settings/telegram_setting.py,PyQt6.QtWidgets
ui/settings/telegram_setting.py,datetime
ui/settings/telegram_setting.py,utils.telegram_service
ui/settings/update_setting.py,PyQt6.QtCore
ui/settings/update_setting.py,PyQt6.QtGui
ui/settings/update_setting.py,PyQt6.QtWidgets
ui/settings/update_setting.py,datetime
ui/settings/update_setting.py,loguru
ui/settings/update_setting.py,models.database
ui/settings/update_setting.py,os
ui/settings/update_setting.py,pathlib
ui/settings/update_setting.py,subprocess
ui/settings/update_setting.py,sys
ui/settings/update_setting.py,updater.version_manager
ui/settings/update_setting.py,utils.language
ui/settings/update_setting.py,utils.permissions
ui/settings/users_setting.py,PyQt6.QtCore
ui/settings/users_setting.py,PyQt6.QtWidgets
ui/settings/users_setting.py,hashlib
ui/settings/users_setting.py,models.database
ui/settings/users_setting.py,os
ui/settings/users_setting.py,ui.themes.theme_manager
ui/settings/users_setting.py,utils.language
ui/settings/users_setting.py,utils.permissions
ui/settings/youtube_setting.py,PyQt6.QtCore
ui/settings/youtube_setting.py,PyQt6.QtWidgets
ui/settings/youtube_setting.py,models.database
ui/settings/zkteco_setting.py,PyQt6.QtCore
ui/settings/zkteco_setting.py,PyQt6.QtWidgets
ui/settings/zkteco_setting.py,services
ui/settings/zkteco_setting.py,ui.widgets.modern_button
ui/stock_movement_dialog.py,PyQt6.QtCore
ui/stock_movement_dialog.py,PyQt6.QtGui
ui/stock_movement_dialog.py,PyQt6.QtWidgets
ui/stock_movement_dialog.py,datetime
ui/stock_movement_dialog.py,models.database
ui/stock_movement_dialog.py,os
ui/stock_movement_dialog.py,ui.base_form_dialog
ui/stock_movement_dialog.py,ui.themes.theme_manager
ui/stock_movement_dialog.py,ui.widgets.modern_button
ui/stock_movement_dialog.py,utils.currency
ui/stock_notification_dialog.py,PyQt6.QtCore
ui/stock_notification_dialog.py,PyQt6.QtGui
ui/stock_notification_dialog.py,PyQt6.QtWidgets
ui/stock_notification_dialog.py,datetime
ui/stock_notification_dialog.py,loguru
ui/stock_notification_dialog.py,models.database
ui/stock_notification_dialog.py,openpyxl
ui/stock_notification_dialog.py,openpyxl.styles
ui/stock_notification_dialog.py,ui.product_detail_dialog
ui/stock_notification_dialog.py,ui.widgets.pagination_widget
ui/stock_notification_dialog.py,utils.currency
ui/stock_notification_dialog.py,utils.excel_exporter
ui/stock_notification_dialog.py,utils.language
ui/stock_notification_dialog.py,utils.translations
ui/supplier_ledger_dialog.py,PyQt6.QtCore
ui/supplier_ledger_dialog.py,PyQt6.QtGui
ui/supplier_ledger_dialog.py,PyQt6.QtPrintSupport
ui/supplier_ledger_dialog.py,PyQt6.QtWidgets
ui/supplier_ledger_dialog.py,models.database
ui/supplier_ledger_dialog.py,os
ui/supplier_ledger_dialog.py,ui.design_system.dialog_styles
ui/supplier_ledger_dialog.py,ui.supplier_payment_dialog
ui/supplier_ledger_dialog.py,ui.themes.theme_manager
ui/supplier_ledger_dialog.py,ui.widgets.date_range_widget
ui/supplier_ledger_dialog.py,ui.widgets.modern_button
ui/supplier_ledger_dialog.py,ui.widgets.pagination_widget
ui/supplier_ledger_dialog.py,ui.widgets.summary_card_widget
ui/supplier_ledger_dialog.py,utils.currency
ui/supplier_ledger_dialog.py,utils.language
ui/supplier_payment_dialog.py,PyQt6.QtCore
ui/supplier_payment_dialog.py,PyQt6.QtGui
ui/supplier_payment_dialog.py,PyQt6.QtWidgets
ui/supplier_payment_dialog.py,datetime
ui/supplier_payment_dialog.py,models.database
ui/supplier_payment_dialog.py,os
ui/supplier_payment_dialog.py,ui.themes.theme_manager
ui/supplier_payment_dialog.py,ui.widgets.modern_button
ui/supplier_payment_dialog.py,ui.widgets.summary_card_widget
ui/supplier_payment_dialog.py,utils.currency
ui/themes/__init__.py,PyQt6.QtGui
ui/themes/__init__.py,PyQt6.QtWidgets
ui/themes/__init__.py,ui.themes.dark_theme
ui/themes/__init__.py,ui.themes.light_theme
ui/themes/__init__.py,ui.themes.theme_manager
ui/themes/theme_manager.py,PyQt6.QtCore
ui/themes/theme_manager.py,PyQt6.QtGui
ui/themes/theme_manager.py,PyQt6.QtSvg
ui/themes/theme_manager.py,PyQt6.QtWidgets
ui/themes/theme_manager.py,io
ui/themes/theme_manager.py,os
ui/themes/theme_manager.py,pathlib
ui/themes/theme_manager.py,re
ui/themes/theme_manager.py,ui.design_system.message_box
ui/themes/theme_manager.py,ui.design_system.stylesheet
ui/themes/theme_manager.py,ui.themes.dark_theme
ui/themes/theme_manager.py,ui.themes.light_theme
ui/widgets/__init__.py,ui.widgets.action_button_widget
ui/widgets/__init__.py,ui.widgets.auto_complete_combo
ui/widgets/__init__.py,ui.widgets.category_widget
ui/widgets/__init__.py,ui.widgets.combo_box_widget
ui/widgets/__init__.py,ui.widgets.currency_input_widget
ui/widgets/__init__.py,ui.widgets.date_range_widget
ui/widgets/__init__.py,ui.widgets.date_time_widget
ui/widgets/__init__.py,ui.widgets.file_upload_widget
ui/widgets/__init__.py,ui.widgets.loading_spinner_widget
ui/widgets/__init__.py,ui.widgets.modern_button
ui/widgets/__init__.py,ui.widgets.modern_date_picker
ui/widgets/__init__.py,ui.widgets.pagination_widget
ui/widgets/__init__.py,ui.widgets.search_widget
ui/widgets/__init__.py,ui.widgets.status_badge_widget
ui/widgets/__init__.py,ui.widgets.summary_card_widget
ui/widgets/__init__.py,ui.widgets.tag_input_widget
ui/widgets/__init__.py,ui.widgets.toast_notification_widget
ui/widgets/action_button_widget.py,PyQt6.QtCore
ui/widgets/action_button_widget.py,PyQt6.QtWidgets
ui/widgets/action_toolbar.py,PyQt6.QtCore
ui/widgets/action_toolbar.py,PyQt6.QtGui
ui/widgets/action_toolbar.py,PyQt6.QtWidgets
ui/widgets/action_toolbar.py,typing
ui/widgets/action_toolbar.py,ui.themes.theme_manager
ui/widgets/action_toolbar.py,ui.widgets.modern_button
ui/widgets/ai_assistant_widget.py,PyQt6.QtWidgets
ui/widgets/auto_complete_combo.py,PyQt6.QtCore
ui/widgets/auto_complete_combo.py,PyQt6.QtWidgets
ui/widgets/category_widget.py,PyQt6.QtCore
ui/widgets/category_widget.py,PyQt6.QtGui
ui/widgets/category_widget.py,PyQt6.QtWidgets
ui/widgets/category_widget.py,loguru
ui/widgets/category_widget.py,ui.categories.category_service
ui/widgets/category_widget.py,ui.widgets.modern_button
ui/widgets/category_widget.py,ui.widgets.search_widget
ui/widgets/combo_box_widget.py,PyQt6.QtCore
ui/widgets/combo_box_widget.py,PyQt6.QtGui
ui/widgets/combo_box_widget.py,PyQt6.QtWidgets
ui/widgets/combo_box_widget.py,__future__
ui/widgets/combo_box_widget.py,ui.themes.theme_manager
ui/widgets/currency_input_widget.py,PyQt6.QtCore
ui/widgets/currency_input_widget.py,PyQt6.QtWidgets
ui/widgets/currency_input_widget.py,utils.currency
ui/widgets/date_range_widget.py,PyQt6.QtCore
ui/widgets/date_range_widget.py,PyQt6.QtGui
ui/widgets/date_range_widget.py,PyQt6.QtWidgets
ui/widgets/date_range_widget.py,ui.themes
ui/widgets/date_range_widget.py,ui.widgets.modern_button
ui/widgets/date_time_widget.py,PyQt6.QtCore
ui/widgets/date_time_widget.py,PyQt6.QtGui
ui/widgets/date_time_widget.py,PyQt6.QtWidgets
ui/widgets/date_time_widget.py,datetime
ui/widgets/date_time_widget.py,ui.themes.theme_manager
ui/widgets/file_upload_widget.py,PyQt6.QtCore
ui/widgets/file_upload_widget.py,PyQt6.QtGui
ui/widgets/file_upload_widget.py,PyQt6.QtWidgets
ui/widgets/loading_overlay.py,PyQt6.QtCore
ui/widgets/loading_overlay.py,PyQt6.QtWidgets
ui/widgets/loading_overlay.py,typing
ui/widgets/loading_overlay.py,ui.themes.theme_manager
ui/widgets/loading_spinner_widget.py,PyQt6.QtCore
ui/widgets/loading_spinner_widget.py,PyQt6.QtWidgets
ui/widgets/loading_spinner_widget.py,ui.themes.theme_manager
ui/widgets/modern_button.py,PyQt6.QtCore
ui/widgets/modern_button.py,PyQt6.QtGui
ui/widgets/modern_button.py,PyQt6.QtWidgets
ui/widgets/modern_button.py,os
ui/widgets/modern_button.py,ui.themes.theme_manager
ui/widgets/modern_date_picker.py,PyQt6.QtCore
ui/widgets/modern_date_picker.py,PyQt6.QtGui
ui/widgets/modern_date_picker.py,PyQt6.QtWidgets
ui/widgets/no_wheel_spinbox.py,PyQt6.QtWidgets
ui/widgets/numeric_keypad_dialog.py,PyQt6.QtCore
ui/widgets/numeric_keypad_dialog.py,PyQt6.QtGui
ui/widgets/numeric_keypad_dialog.py,PyQt6.QtWidgets
ui/widgets/numeric_keypad_dialog.py,__future__
ui/widgets/numeric_keypad_dialog.py,ui.themes.theme_manager
ui/widgets/pagination_widget.py,PyQt6.QtCore
ui/widgets/pagination_widget.py,PyQt6.QtGui
ui/widgets/pagination_widget.py,PyQt6.QtWidgets
ui/widgets/pagination_widget.py,ui.themes.theme_manager
ui/widgets/search_widget.py,PyQt6.QtCore
ui/widgets/search_widget.py,PyQt6.QtGui
ui/widgets/search_widget.py,PyQt6.QtSvg
ui/widgets/search_widget.py,PyQt6.QtWidgets
ui/widgets/search_widget.py,os
ui/widgets/search_widget.py,ui.themes.theme_manager
ui/widgets/status_badge_widget.py,PyQt6.QtCore
ui/widgets/status_badge_widget.py,PyQt6.QtWidgets
ui/widgets/summary_card_widget.py,PyQt6.QtCore
ui/widgets/summary_card_widget.py,PyQt6.QtGui
ui/widgets/summary_card_widget.py,PyQt6.QtWidgets
ui/widgets/summary_card_widget.py,loguru
ui/widgets/summary_card_widget.py,models.database
ui/widgets/summary_card_widget.py,os
ui/widgets/summary_card_widget.py,pathlib
ui/widgets/summary_card_widget.py,ui.themes.theme_manager
ui/widgets/svg_icon.py,PyQt6.QtCore
ui/widgets/svg_icon.py,PyQt6.QtGui
ui/widgets/svg_icon.py,PyQt6.QtSvg
ui/widgets/svg_icon.py,base64
ui/widgets/svg_icon.py,loguru
ui/widgets/svg_icon.py,os
ui/widgets/svg_icon.py,re
ui/widgets/tab_widget.py,PyQt6.QtCore
ui/widgets/tab_widget.py,PyQt6.QtGui
ui/widgets/tab_widget.py,PyQt6.QtWidgets
ui/widgets/tab_widget.py,sys
ui/widgets/tag_input_widget.py,PyQt6.QtCore
ui/widgets/tag_input_widget.py,PyQt6.QtGui
ui/widgets/tag_input_widget.py,PyQt6.QtWidgets
ui/widgets/toast_notification_widget.py,PyQt6.QtCore
ui/widgets/toast_notification_widget.py,PyQt6.QtGui
ui/widgets/toast_notification_widget.py,PyQt6.QtWidgets
ui/widgets/toast_notification_widget.py,ui.themes.theme_manager
app/application.py,PyQt6.QtCore
app/application.py,PyQt6.QtGui
app/application.py,PyQt6.QtWidgets
app/application.py,app.config
app/application.py,app.startup
app/application.py,core.database
app/application.py,loguru
app/application.py,models.database
app/application.py,models.database.auto_fix
app/application.py,models.database.recovery
app/application.py,os
app/application.py,psutil
app/application.py,sys
app/application.py,ui.loading_dialog
app/application.py,ui.login_dialog
app/application.py,ui.main_window
app/application.py,ui.themes
app/application.py,utils.branded_icons
app/application.py,utils.matplotlib_fonts
app/application.py,utils.performance
app/application.py,utils.touch_scroll
app/cashier_application.py,PyQt6.QtCore
app/cashier_application.py,PyQt6.QtGui
app/cashier_application.py,PyQt6.QtWidgets
app/cashier_application.py,app.config
app/cashier_application.py,core.exception_handler
app/cashier_application.py,loguru
app/cashier_application.py,models.database
app/cashier_application.py,os
app/cashier_application.py,sys
app/cashier_application.py,ui.cashier_window.cashier_ui
app/cashier_application.py,ui.login_dialog
app/cashier_application.py,ui.themes
app/cashier_application.py,utils.branded_icons
app/cashier_application.py,utils.paths
app/cashier_application.py,utils.touch_scroll
app/config.py,sys
app/config.py,updater.version_manager
app/config.py,utils.paths
app/launcher.py,PyQt6.QtCore
app/launcher.py,json
app/launcher.py,loguru
app/launcher.py,os
app/launcher.py,subprocess
app/launcher.py,sys
app/launcher.py,time
app/startup.py,PyQt6.QtWidgets
app/startup.py,app.config
app/startup.py,app.launcher
app/startup.py,core.environment
app/startup.py,core.exception_handler
app/startup.py,loguru
app/startup.py,os
app/startup.py,shutil
app/startup.py,sys
app/startup.py,utils.paths
core/database.py,PyQt6.QtWidgets
core/database.py,loguru
core/database.py,models.database
core/database.py,models.database.auto_fix
core/database.py,models.database.recovery
core/database.py,os
core/database.py,time
core/database.py,utils.db_compat
core/database.py,utils.permissions
core/environment.py,os
core/environment.py,sys
core/environment.py,warnings
core/exception_handler.py,PyQt6.QtWidgets
core/exception_handler.py,loguru
core/exception_handler.py,sys
core/exception_handler.py,threading
core/exception_handler.py,traceback
models/__init__.py,models.database
models/database/__init__.py,loguru
models/database/__init__.py,models.database.auto_fix
models/database/__init__.py,models.database.auto_maintenance
models/database/__init__.py,models.database.connection
models/database/__init__.py,models.database.health
models/database/__init__.py,models.database.indexes
models/database/__init__.py,models.database.maintenance
models/database/__init__.py,models.database.migrations
models/database/__init__.py,models.database.pool
models/database/__init__.py,models.database.postgres_schema
models/database/__init__.py,models.database.queries
models/database/__init__.py,models.database.recovery
models/database/__init__.py,models.database.stock_audit
models/database/__init__.py,models.database.tables
models/database/__init__.py,os
models/database/__init__.py,sqlite3
models/database/__init__.py,typing
models/database/__init__.py,utils.db_compat
models/database/__init__.py,utils.permissions
models/database/auto_fix.py,loguru
models/database/auto_fix.py,models.database.connection
models/database/auto_fix.py,os
models/database/auto_fix.py,re
models/database/auto_fix.py,sqlite3
models/database/auto_maintenance.py,datetime
models/database/auto_maintenance.py,loguru
models/database/auto_maintenance.py,models.database.maintenance
models/database/auto_maintenance.py,threading
models/database/auto_maintenance.py,time
models/database/cache.py,collections
models/database/cache.py,datetime
models/database/cache.py,hashlib
models/database/cache.py,json
models/database/cache.py,loguru
models/database/connection.py,loguru
models/database/connection.py,models.database.pool
models/database/connection.py,models.database.postgres_adapter
models/database/connection.py,os
models/database/connection.py,sqlite3
models/database/connection.py,sys
models/database/connection.py,utils.db_compat
models/database/database_fix_dialog.py,PyQt6.QtCore
models/database/database_fix_dialog.py,PyQt6.QtGui
models/database/database_fix_dialog.py,PyQt6.QtWidgets
models/database/database_fix_dialog.py,models.database.auto_fix
models/database/database_recovery_dialog.py,datetime
models/database/database_recovery_dialog.py,loguru
models/database/database_recovery_dialog.py,os
models/database/database_recovery_dialog.py,shutil
models/database/health.py,loguru
models/database/health.py,models.database.connection
models/database/indexes.py,loguru
models/database/indexes.py,models.database.connection
models/database/indexes.py,re
models/database/maintenance.py,PyQt6.QtWidgets
models/database/maintenance.py,datetime
models/database/maintenance.py,loguru
models/database/maintenance.py,models.database.connection
models/database/maintenance.py,models.database.pool
models/database/maintenance.py,os
models/database/maintenance.py,shutil
models/database/maintenance.py,sqlite3
models/database/maintenance.py,time
models/database/migration_manager.py,dataclasses
models/database/migration_manager.py,datetime
models/database/migration_manager.py,enum
models/database/migration_manager.py,loguru
models/database/migration_manager.py,os
models/database/migration_manager.py,packaging.version
models/database/migration_manager.py,re
models/database/migration_manager.py,sqlite3
models/database/migration_manager.py,typing
models/database/migrations.py,argparse
models/database/migrations.py,loguru
models/database/migrations.py,models.database.migration_manager
models/database/migrations.py,models.database.migrations_data
models/database/migrations.py,models.database.queries
models/database/migrations_data.py,models.database.migration_manager
models/database/pool.py,loguru
models/database/pool.py,models.database.postgres_adapter
models/database/pool.py,os
models/database/pool.py,queue
models/database/pool.py,sqlite3
models/database/pool.py,sys
models/database/pool.py,threading
models/database/pool.py,time
models/database/pool.py,utils.db_compat
models/database/pool.py,weakref
models/database/postgres_adapter.py,datetime
models/database/postgres_adapter.py,decimal
models/database/postgres_adapter.py,psycopg
models/database/postgres_adapter.py,psycopg2
models/database/postgres_adapter.py,re
models/database/postgres_adapter.py,utils.db_compat
models/database/postgres_schema.py,hashlib
models/database/postgres_schema.py,os
models/database/postgres_schema.py,utils.db_compat
models/database/profiler.py,collections
models/database/profiler.py,datetime
models/database/profiler.py,functools
models/database/profiler.py,loguru
models/database/profiler.py,time
models/database/queries.py,datetime
models/database/queries.py,loguru
models/database/queries.py,models.database.connection
models/database/queries.py,sqlite3
models/database/queries_optimized.py,datetime
models/database/queries_optimized.py,loguru
models/database/queries_optimized.py,models.database.cache
models/database/queries_optimized.py,models.database.connection
models/database/queries_optimized.py,sqlite3
models/database/recovery.py,datetime
models/database/recovery.py,loguru
models/database/recovery.py,models.database.migrations
models/database/recovery.py,models.database.pool
models/database/recovery.py,models.database.tables
models/database/recovery.py,os
models/database/recovery.py,shutil
models/database/recovery.py,sqlite3
models/database/recovery.py,subprocess
models/database/recovery.py,sys
models/database/recovery.py,typing
models/database/safe_initialize.py,models.database.auto_fix
models/database/stock_audit.py,__future__
models/database/stock_audit.py,models.database.connection
models/database/stock_audit.py,typing
models/database/tables.py,datetime
models/database/tables.py,hashlib
models/database/tables.py,loguru
models/database/tables.py,models.database.connection
models/database/tables.py,models.database.migrations
models/database/tables.py,os
models/database/tables.py,re
models/database/tables.py,utils.wholesale_pricing
models/database.py,PyQt6.QtWidgets
models/database.py,datetime
models/database.py,hashlib
models/database.py,loguru
models/database.py,models.migrations
models/database.py,os
models/database.py,queue
models/database.py,sqlite3
models/database.py,threading
models/database.py,weakref
services/cloud_sync_service.py,__future__
services/cloud_sync_service.py,dataclasses
services/cloud_sync_service.py,loguru
services/cloud_sync_service.py,models.database
services/cloud_sync_service.py,models.database.connection
services/cloud_sync_service.py,models.database.postgres_adapter
services/cloud_sync_service.py,models.database.postgres_schema
services/cloud_sync_service.py,os
services/cloud_sync_service.py,pathlib
services/cloud_sync_service.py,shutil
services/cloud_sync_service.py,threading
services/cloud_sync_service.py,time
services/cloud_sync_service.py,typing
services/cloud_sync_service.py,utils.db_compat
services/cloud_sync_service.py,utils.env_loader
services/credit_service.py,datetime
services/credit_service.py,loguru
services/credit_service.py,models.database
services/credit_service.py,typing
services/employee_service.py,datetime
services/employee_service.py,models.database
services/employee_service.py,typing
services/employee_service.py,utils.db_compat
services/network_printer_client.py,__future__
services/network_printer_client.py,dataclasses
services/network_printer_client.py,models.database
services/network_printer_client.py,re
services/network_printer_client.py,requests
services/network_printer_client.py,socket
services/network_printer_client.py,uuid
services/zkteco_service.py,collections
services/zkteco_service.py,datetime
services/zkteco_service.py,models.database
services/zkteco_service.py,services.employee_service
services/zkteco_service.py,sys
services/zkteco_service.py,typing
services/zkteco_service.py,utils.db_compat
services/zkteco_service.py,zk
utils/activity_logger.py,datetime
utils/activity_logger.py,loguru
utils/activity_logger.py,models.database
utils/audio.py,loguru
utils/audio.py,sounddevice
utils/auto_backup.py,PyQt6.QtCore
utils/auto_backup.py,datetime
utils/auto_backup.py,loguru
utils/auto_backup.py,models.database
utils/auto_backup.py,os
utils/auto_backup.py,shutil
utils/batch_optimize_images.py,PIL
utils/batch_optimize_images.py,loguru
utils/batch_optimize_images.py,models.database
utils/batch_optimize_images.py,os
utils/batch_optimize_images.py,shutil
utils/batch_optimize_images.py,sys
utils/batch_optimize_images.py,utils.paths
utils/batch_optimize_images.py,uuid
utils/branded_icons.py,PyQt6.QtCore
utils/branded_icons.py,PyQt6.QtGui
utils/branded_icons.py,__future__
utils/category_hierarchy.py,collections.abc
utils/category_hierarchy.py,typing
utils/cleanup.py,os
utils/cleanup.py,subprocess
utils/cleanup.py,sys
utils/cleanup.py,tempfile
utils/currency.py,models.database
utils/customer_display_server.py,datetime
utils/customer_display_server.py,http.server
utils/customer_display_server.py,json
utils/customer_display_server.py,loguru
utils/customer_display_server.py,socket
utils/customer_display_server.py,threading
utils/customer_display_server.py,urllib.parse
utils/customer_utils.py,models.database
utils/db_compat.py,os
utils/db_compat.py,re
utils/db_connection_config.py,models.database.postgres_adapter
utils/db_connection_config.py,os
utils/db_connection_config.py,pathlib
utils/db_connection_config.py,services.cloud_sync_service
utils/db_connection_config.py,urllib.parse
utils/db_connection_config.py,utils.env_loader
utils/env_loader.py,os
utils/env_loader.py,pathlib
utils/env_loader.py,sys
utils/error_handling.py,PyQt6.QtCore
utils/error_handling.py,PyQt6.QtWidgets
utils/error_handling.py,loguru
utils/error_handling.py,sys
utils/error_handling.py,traceback
utils/excel_exporter.py,PyQt6.QtWidgets
utils/excel_exporter.py,datetime
utils/excel_exporter.py,models.database
utils/excel_exporter.py,openpyxl
utils/excel_exporter.py,openpyxl.styles
utils/excel_exporter.py,openpyxl.utils
utils/excel_exporter.py,os
utils/expense_notification_checker.py,PyQt6.QtCore
utils/expense_notification_checker.py,datetime
utils/expense_notification_checker.py,loguru
utils/expense_notification_checker.py,models.database
utils/expense_notification_checker.py,utils.currency
utils/held_sales.py,datetime
utils/held_sales.py,json
utils/held_sales.py,models.database
utils/image_optimizer.py,PIL
utils/image_optimizer.py,hashlib
utils/image_optimizer.py,loguru
utils/image_optimizer.py,os
utils/image_optimizer.py,shutil
utils/image_optimizer.py,utils.paths
utils/image_optimizer.py,uuid
utils/language.py,PyQt6.QtCore
utils/language.py,models.database
utils/language.py,sys
utils/logger.py,datetime
utils/logger.py,loguru
utils/logger.py,os
utils/logger.py,sys
utils/matplotlib_fonts.py,__future__
utils/matplotlib_fonts.py,matplotlib
utils/matplotlib_fonts.py,matplotlib.font_manager
utils/matplotlib_fonts.py,pathlib
utils/matplotlib_fonts.py,typing
utils/paths.py,os
utils/paths.py,sys
utils/paths.py,typing
utils/performance.py,__future__
utils/performance.py,dataclasses
utils/performance.py,models.database
utils/permissions.py,enum
utils/permissions.py,loguru
utils/permissions.py,models.database
utils/permissions.py,utils.db_compat
utils/postgres_readiness.py,pathlib
utils/product_image_store.py,__future__
utils/product_image_store.py,loguru
utils/product_image_store.py,mimetypes
utils/product_image_store.py,models.database
utils/product_image_store.py,os
utils/product_image_store.py,typing
utils/product_image_store.py,utils.db_compat
utils/product_image_store.py,utils.paths
utils/receipt_images.py,base64
utils/receipt_images.py,loguru
utils/receipt_images.py,mimetypes
utils/receipt_images.py,models.database
utils/receipt_images.py,os
utils/receipt_images.py,shutil
utils/receipt_images.py,utils.paths
utils/receipt_template.py,html
utils/receipt_template.py,models.database
utils/receipt_template.py,os
utils/receipt_template.py,utils.currency
utils/receipt_template.py,utils.receipt_images
utils/restaurant_modifiers.py,json
utils/restaurant_modifiers.py,utils.db_compat
utils/restaurant_service.py,datetime
utils/restaurant_service.py,hashlib
utils/restaurant_service.py,json
utils/restaurant_service.py,models.database
utils/restaurant_service.py,utils.db_compat
utils/restaurant_service.py,uuid
utils/sale_mode.py,models.database
utils/schedule_cleanup.py,os
utils/schedule_cleanup.py,subprocess
utils/schedule_cleanup.py,sys
utils/single_instance.py,__future__
utils/single_instance.py,ctypes
utils/single_instance.py,os
utils/slug_generator.py,re
utils/slug_generator.py,unicodedata
utils/speech_to_text.py,loguru
utils/system_theme.py,PyQt6.QtCore
utils/system_theme.py,sys
utils/system_theme.py,winreg
utils/telegram_service.py,__future__
utils/telegram_service.py,dataclasses
utils/telegram_service.py,datetime
utils/telegram_service.py,json
utils/telegram_service.py,loguru
utils/telegram_service.py,models.database
utils/telegram_service.py,models.database.connection
utils/telegram_service.py,os
utils/telegram_service.py,pathlib
utils/telegram_service.py,requests
utils/telegram_service.py,shlex
utils/telegram_service.py,sqlite3
utils/telegram_service.py,sys
utils/telegram_service.py,threading
utils/telegram_service.py,time
utils/telegram_service.py,typing
utils/telegram_service.py,utils.currency
utils/telegram_service.py,utils.image_optimizer
utils/telegram_service.py,utils.paths
utils/telegram_service.py,uuid
utils/touch_scroll.py,PyQt6.QtCore
utils/touch_scroll.py,PyQt6.QtWidgets
utils/translations.py,utils.language
utils/ui_icons.py,PyQt6.QtWidgets
utils/ui_icons.py,re
utils/wholesale_pricing.py,__future__
utils/wholesale_pricing.py,typing
server/api.py,__future__
server/api.py,asyncio
server/api.py,contextlib
server/api.py,fastapi
server/api.py,fastapi.middleware.cors
server/api.py,fastapi.responses
server/api.py,fastapi.staticfiles
server/api.py,loguru
server/api.py,models.database.stock_audit
server/api.py,os
server/api.py,pathlib
server/api.py,pydantic
server/api.py,secrets
server/api.py,server
server/api.py,server.asyncio_errors
server/api.py,server.car_management_service
server/api.py,server.printer_assets
server/api.py,server.printer_security
server/api.py,server.printer_service
server/api.py,server.service_order_service
server/api.py,time
server/api.py,typing
server/api.py,utils.env_loader
server/api.py,utils.paths
server/asyncio_errors.py,__future__
server/asyncio_errors.py,asyncio
server/asyncio_errors.py,sys
server/asyncio_errors.py,typing
server/car_management_service.py,__future__
server/car_management_service.py,datetime
server/car_management_service.py,json
server/car_management_service.py,loguru
server/car_management_service.py,models.database
server/car_management_service.py,os
server/car_management_service.py,secrets
server/car_management_service.py,socket
server/car_management_service.py,threading
server/car_management_service.py,typing
server/car_management_service.py,utils.db_compat
server/cashier_service.py,__future__
server/cashier_service.py,base64
server/cashier_service.py,ctypes
server/cashier_service.py,datetime
server/cashier_service.py,hashlib
server/cashier_service.py,loguru
server/cashier_service.py,mimetypes
server/cashier_service.py,models.database
server/cashier_service.py,models.database.queries
server/cashier_service.py,os
server/cashier_service.py,services.credit_service
server/cashier_service.py,typing
server/cashier_service.py,ui.categories.category_service
server/cashier_service.py,urllib.parse
server/cashier_service.py,utils.category_hierarchy
server/cashier_service.py,utils.db_compat
server/cashier_service.py,utils.image_optimizer
server/cashier_service.py,utils.paths
server/cashier_service.py,utils.product_image_store
server/cashier_service.py,utils.wholesale_pricing
server/cashier_service.py,uuid
server/cloud_app.py,__future__
server/cloud_app.py,loguru
server/cloud_app.py,models.database
server/cloud_app.py,os
server/cloud_app.py,server.api
server/cloud_app.py,server.car_management_service
server/cloud_app.py,utils.env_loader
server/printer_assets.py,__future__
server/printer_assets.py,os
server/printer_assets.py,pathlib
server/printer_assets.py,sys
server/printer_assets.py,uuid
server/printer_security.py,__future__
server/printer_security.py,hashlib
server/printer_security.py,ipaddress
server/printer_security.py,os
server/printer_security.py,secrets
server/printer_service.py,__future__
server/printer_service.py,datetime
server/printer_service.py,json
server/printer_service.py,models.database
server/printer_service.py,secrets
server/printer_service.py,server.printer_security
server/printer_service.py,typing
server/printer_service.py,utils.db_compat
server/printer_service.py,uuid
server/service_order_service.py,__future__
server/service_order_service.py,datetime
server/service_order_service.py,math
server/service_order_service.py,models.database
server/service_order_service.py,server
server/service_order_service.py,typing
server/service_order_service.py,utils.db_compat
lite_pos/api.py,__future__
lite_pos/api.py,base64
lite_pos/api.py,mimetypes
lite_pos/api.py,pathlib
lite_pos/api.py,requests
lite_pos/api.py,typing
lite_pos/api.py,urllib.parse
lite_pos/application.py,PyQt6.QtCore
lite_pos/application.py,PyQt6.QtGui
lite_pos/application.py,PyQt6.QtWidgets
lite_pos/application.py,__future__
lite_pos/application.py,lite_pos.config
lite_pos/application.py,lite_pos.theme
lite_pos/application.py,lite_pos.window
lite_pos/application.py,sys
lite_pos/application.py,utils.branded_icons
lite_pos/cart.py,__future__
lite_pos/config.py,__future__
lite_pos/config.py,json
lite_pos/config.py,os
lite_pos/config.py,pathlib
lite_pos/settings_center.py,PyQt6.QtCore
lite_pos/settings_center.py,PyQt6.QtPrintSupport
lite_pos/settings_center.py,PyQt6.QtWidgets
lite_pos/settings_center.py,__future__
lite_pos/settings_center.py,base64
lite_pos/settings_center.py,lite_pos.config
lite_pos/settings_center.py,mimetypes
lite_pos/settings_center.py,pathlib
lite_pos/theme.py,PyQt6.QtGui
lite_pos/theme.py,PyQt6.QtWidgets
lite_pos/theme.py,__future__
lite_pos/window.py,PyQt6.QtCore
lite_pos/window.py,PyQt6.QtGui
lite_pos/window.py,PyQt6.QtNetwork
lite_pos/window.py,PyQt6.QtPrintSupport
lite_pos/window.py,PyQt6.QtWidgets
lite_pos/window.py,__future__
lite_pos/window.py,base64
lite_pos/window.py,collections.abc
lite_pos/window.py,ctypes
lite_pos/window.py,html
lite_pos/window.py,lite_pos.api
lite_pos/window.py,lite_pos.cart
lite_pos/window.py,lite_pos.config
lite_pos/window.py,lite_pos.service_jobs
lite_pos/window.py,lite_pos.settings_center
lite_pos/window.py,lite_pos.theme
service_job_client/config.py,__future__
service_job_client/config.py,json
service_job_client/config.py,os
service_job_client/config.py,pathlib
service_job_client/window.py,PyQt6.QtCore
service_job_client/window.py,PyQt6.QtGui
service_job_client/window.py,PyQt6.QtWidgets
service_job_client/window.py,__future__
service_job_client/window.py,collections.abc
service_job_client/window.py,lite_pos.api
service_job_client/window.py,lite_pos.service_jobs
service_job_client/window.py,service_job_client.config
service_job_client/window.py,utils.branded_icons
car_client/config.py,PyQt6.QtCore
car_client/config.py,dataclasses
car_client/dashboard_charts.py,PyQt6.QtCore
car_client/dashboard_charts.py,PyQt6.QtGui
car_client/dashboard_charts.py,PyQt6.QtWidgets
car_client/form_preview_dialog.py,PyQt6.QtCore
car_client/form_preview_dialog.py,PyQt6.QtGui
car_client/form_preview_dialog.py,PyQt6.QtWidgets
car_client/form_preview_dialog.py,car_client.form_print_dialog
car_client/form_preview_dialog.py,car_client.form_templates
car_client/form_preview_dialog.py,pathlib
car_client/form_print_dialog.py,PyQt6.QtCore
car_client/form_print_dialog.py,PyQt6.QtGui
car_client/form_print_dialog.py,PyQt6.QtPrintSupport
car_client/form_print_dialog.py,PyQt6.QtWidgets
car_client/form_print_dialog.py,__future__
car_client/form_print_dialog.py,car_client.form_templates
car_client/form_print_dialog.py,ctypes
car_client/form_print_dialog.py,re
car_client/form_print_dialog.py,sys
car_client/form_templates.py,PyQt6.QtCore
car_client/form_templates.py,PyQt6.QtGui
car_client/form_templates.py,__future__
car_client/form_templates.py,pathlib
car_client/form_templates.py,sys
car_client/network.py,__future__
car_client/network.py,car_client.config
car_client/network.py,car_client.offline_store
car_client/network.py,json
car_client/network.py,socket
car_client/network.py,time
car_client/network.py,urllib.error
car_client/network.py,urllib.request
car_client/network.py,uuid
car_client/offline_store.py,__future__
car_client/offline_store.py,datetime
car_client/offline_store.py,json
car_client/offline_store.py,os
car_client/offline_store.py,pathlib
car_client/offline_store.py,sqlite3
car_client/offline_store.py,threading
car_client/qr_code.py,PyQt6.QtCore
car_client/qr_code.py,PyQt6.QtGui
car_client/qr_code.py,PyQt6.QtWidgets
car_client/qr_code.py,__future__
car_client/qr_code.py,io
car_client/qr_code.py,pathlib
car_client/qr_code.py,qrcode
car_client/qr_code.py,qrcode.constants
car_client/startup.py,__future__
car_client/startup.py,os
car_client/startup.py,pathlib
car_client/startup.py,sys
car_client/window.py,PyQt6.QtCore
car_client/window.py,PyQt6.QtGui
car_client/window.py,PyQt6.QtWidgets
car_client/window.py,car_client.config
car_client/window.py,car_client.dashboard_charts
car_client/window.py,car_client.form_preview_dialog
car_client/window.py,car_client.form_print_dialog
car_client/window.py,car_client.network
car_client/window.py,car_client.qr_code
car_client/window.py,car_client.records
car_client/window.py,car_client.startup
car_client/window.py,collections
car_client/window.py,datetime
car_client/window.py,os
car_client/window.py,sys
car_client/window.py,utils.branded_icons
